sr_no,state,mp_name,constituency,allocated_amount,project_count,spent_percentage,completion_percentage,state_median,state_mad,deviation_score,is_high_spender,is_low_spender,efficiency_score,financial_risk,duplicate_risk,performance_risk,risk_score,risk_level,risk_explanation,explanation_summary
1,Maharashtra,AASHTIKAR PATIL NAGESH BAPURAO,HINGOLI,190289442.0,5,66.36345655469242,59.29568899087592,147000000.0,1.0,43289442.0,True,False,0.893499104315163,80,0,0,30.91,BLUE,"{'financial': 'Allocation is 3x above the state median threshold: ₹190,289,442.00 > ₹147,000,003.00.', 'duplicate': 'No duplicate risk signal detected from name/constituency/state similarity.', 'performance': 'Spending is aligned with expected completion output: ₹126,282,651.17 vs ₹112,833,435.71.', 'combined': 'Overall risk level BLUE from financial, duplicate, and performance indicators.'}","{'financial': 80, 'duplicate': 0, 'performance': 0}"
2,Jammu And Kashmir,ABDUL RASHID SHEIKH,BARAMULLAH,154773472.11,13,80.11253967015662,35.359998294884804,147000000.0,1.0,7773472.110000014,True,False,0.4413790704984608,80,0,80,52.73,YELLOW,"{'financial': 'Allocation is 3x above the state median threshold: ₹154,773,472.11 > ₹147,000,003.00.', 'duplicate': 'No duplicate risk signal detected from name/constituency/state similarity.', 'performance': 'Spending is materially higher than expected for the completion rate: ₹123,992,959.24 vs ₹54,727,897.10.', 'combined': 'Overall risk level YELLOW from financial, duplicate, and performance indicators.'}","{'financial': 80, 'duplicate': 0, 'performance': 80}"
3,Bihar,ABHAY KUMAR SINHA,AURANGABAD_BR,147000000.0,11,36.16929093840511,64.68753466705442,147000000.0,1.0,0.0,False,False,1.7884656566039618,20,0,0,14.55,GREEN,"{'financial': 'Allocation is within the expected state range around the median ₹147,000,000.00.', 'duplicate': 'No duplicate risk signal detected from name/constituency/state similarity.', 'performance': 'Spending is aligned with expected completion output: ₹53,168,857.68 vs ₹95,090,675.96.', 'combined': 'Overall risk level GREEN from financial, duplicate, and performance indicators.'}","{'financial': 20, 'duplicate': 0, 'performance': 0}"
4,West Bengal,ABHIJIT GANGOPADHYAY,TAMLUK,147000000.0,6,31.65837315728331,72.52537201902088,147000000.0,1.0,0.0,False,False,2.0,20,0,0,14.55,GREEN,"{'financial': 'Allocation is within the expected state range around the median ₹147,000,000.00.', 'duplicate': 'No duplicate risk signal detected from name/constituency/state similarity.', 'performance': 'Spending is aligned with expected completion output: ₹46,537,808.54 vs ₹106,612,296.87.', 'combined': 'Overall risk level GREEN from financial, duplicate, and performance indicators.'}","{'financial': 20, 'duplicate': 0, 'performance': 0}"
5,West Bengal,Abu Taher Khan,MURSHIDABAD,147000000.0,9,59.53366013268,41.56759181273213,147000000.0,1.0,0.0,False,False,0.6982199938672056,20,0,50,28.18,BLUE,"{'financial': 'Allocation is within the expected state range around the median ₹147,000,000.00.', 'duplicate': 'No duplicate risk signal detected from name/constituency/state similarity.', 'performance': 'Spending exceeds expected benchmarks moderately: ₹87,514,480.40 vs ₹61,104,359.96.', 'combined': 'Overall risk level BLUE from financial, duplicate, and performance indicators.'}","{'financial': 20, 'duplicate': 0, 'performance': 50}"
6,West Bengal,ADHIKARI SOUMENDU,KANTHI,147000000.0,7,37.326921608774,59.8736877084757,147000000.0,1.0,0.0,False,False,1.604034973363619,20,0,0,14.55,GREEN,"{'financial': 'Allocation is within the expected state range around the median ₹147,000,000.00.', 'duplicate': 'No duplicate risk signal detected from name/constituency/state similarity.', 'performance': 'Spending is aligned with expected completion output: ₹54,870,574.76 vs ₹88,014,320.93.', 'combined': 'Overall risk level GREEN from financial, duplicate, and performance indicators.'}","{'financial': 20, 'duplicate': 0, 'performance': 0}"
7,Uttar Pradesh,ADITYA YADAV,BADAUN,147000000.0,13,38.36725175264839,70.38692754665391,147000000.0,1.0,0.0,False,False,1.834557450203488,20,0,0,14.55,GREEN,"{'financial': 'Allocation is within the expected state range around the median ₹147,000,000.00.', 'duplicate': 'No duplicate risk signal detected from name/constituency/state similarity.', 'performance': 'Spending is aligned with expected completion output: ₹56,399,860.08 vs ₹103,468,783.49.', 'combined': 'Overall risk level GREEN from financial, duplicate, and performance indicators.'}","{'financial': 20, 'duplicate': 0, 'performance': 0}"
8,Kerala,Adv Adoor Prakash,ATTINGAL,147000000.0,7,85.7446700413507,24.568195573978883,147000000.0,4877316.555000007,0.0,False,False,0.2865273790444441,20,0,80,36.36,BLUE,"{'financial': 'Allocation is within the expected state range around the median ₹147,000,000.00.', 'duplicate': 'No duplicate risk signal detected from name/constituency/state similarity.', 'performance': 'Spending is materially higher than expected for the completion rate: ₹126,044,664.96 vs ₹36,115,247.49.', 'combined': 'Overall risk level BLUE from financial, duplicate, and performance indicators.'}","{'financial': 20, 'duplicate': 0, 'performance': 80}"
9,Kerala,Adv Dean Kuriakose,IDUKKI,147000000.0,6,43.29914394726152,38.95231391985456,147000000.0,4877316.555000007,0.0,False,False,0.899609331013532,20,0,0,14.55,GREEN,"{'financial': 'Allocation is within the expected state range around the median ₹147,000,000.00.', 'duplicate': 'No duplicate risk signal detected from name/constituency/state similarity.', 'performance': 'Spending is aligned with expected completion output: ₹63,649,741.60 vs ₹57,259,901.46.', 'combined': 'Overall risk level GREEN from financial, duplicate, and performance indicators.'}","{'financial': 20, 'duplicate': 0, 'performance': 0}"
10,Maharashtra,ADV GOWAAL KAGADA PADAVI,NANDURBAR(ST),147816309.11,13,41.29776236322842,55.84842414960651,147000000.0,1.0,816309.1100000143,True,False,1.3523353555672066,80,0,0,30.91,BLUE,"{'financial': 'Allocation is 3x above the state median threshold: ₹147,816,309.11 > ₹147,000,003.00.', 'duplicate': 'No duplicate risk signal detected from name/constituency/state similarity.', 'performance': 'Spending is aligned with expected completion output: ₹61,044,828.07 vs ₹82,553,079.27.', 'combined': 'Overall risk level BLUE from financial, duplicate, and performance indicators.'}","{'financial': 80, 'duplicate': 0, 'performance': 0}"
11,Kerala,ADV K FRANCIS GEORGE,KOTTAYAM,188722256.11,11,89.13799326923763,28.22224541572632,147000000.0,4877316.555000007,8.554346563219937,True,False,0.3166129770330613,80,0,80,52.73,YELLOW,"{'financial': 'Allocation is 3x above the state median threshold: ₹188,722,256.11 > ₹161,631,949.67.', 'duplicate': 'No duplicate risk signal detected from name/constituency/state similarity.', 'performance': 'Spending is materially higher than expected for the completion rate: ₹168,223,231.95 vs ₹53,261,658.27.', 'combined': 'Overall risk level YELLOW from financial, duplicate, and performance indicators.'}","{'financial': 80, 'duplicate': 0, 'performance': 80}"
12,Uttar Pradesh,AFZAL ANSARI,GHAZIPUR,220500000.0,6,79.58429723805774,41.03862336987795,147000000.0,1.0,73500000.0,True,False,0.5156623202579843,80,0,80,52.73,YELLOW,"{'financial': 'Allocation is 3x above the state median threshold: ₹220,500,000.00 > ₹147,000,003.00.', 'duplicate': 'No duplicate risk signal detected from name/constituency/state similarity.', 'performance': 'Spending is materially higher than expected for the completion rate: ₹175,483,375.41 vs ₹90,490,164.53.', 'combined': 'Overall risk level YELLOW from financial, duplicate, and performance indicators.'}","{'financial': 80, 'duplicate': 0, 'performance': 80}"
13,Jammu And Kashmir,AGA SYED RUHULLAH MEHDI,SRINAGAR,147000000.0,6,83.563184522569,69.27893342529534,147000000.0,1.0,0.0,False,False,0.8290604746709271,20,0,0,14.55,GREEN,"{'financial': 'Allocation is within the expected state range around the median ₹147,000,000.00.', 'duplicate': 'No duplicate risk signal detected from name/constituency/state similarity.', 'performance': 'Spending is aligned with expected completion output: ₹122,837,881.25 vs ₹101,840,032.14.', 'combined': 'Overall risk level GREEN from financial, duplicate, and performance indicators.'}","{'financial': 20, 'duplicate': 0, 'performance': 0}"
14,Uttarakhand,Ajay Bhatt,NAINITAL UDHAM SINGH NAG.,147000000.0,9,75.67461593619905,93.2811011341043,147000000.0,1.0,0.0,False,False,1.2326603839357335,20,0,0,14.55,GREEN,"{'financial': 'Allocation is within the expected state range around the median ₹147,000,000.00.', 'duplicate': 'No duplicate risk signal detected from name/constituency/state similarity.', 'performance': 'Spending is aligned with expected completion output: ₹111,241,685.43 vs ₹137,123,218.67.', 'combined': 'Overall risk level GREEN from financial, duplicate, and performance indicators.'}","{'financial': 20, 'duplicate': 0, 'performance': 0}"
15,Bihar,Ajay Kumar Mandal,BHAGALPUR,147000000.0,15,77.12241212765264,36.76484718307629,147000000.0,1.0,0.0,False,False,0.4767076932477589,20,0,80,36.36,BLUE,"{'financial': 'Allocation is within the expected state range around the median ₹147,000,000.00.', 'duplicate': 'No duplicate risk signal detected from name/constituency/state similarity.', 'performance': 'Spending is materially higher than expected for the completion rate: ₹113,369,945.83 vs ₹54,044,325.36.', 'combined': 'Overall risk level BLUE from financial, duplicate, and performance indicators.'}","{'financial': 20, 'duplicate': 0, 'performance': 80}"
16,Uttarakhand,Ajay Tamta,ALMORA(SC),147000000.0,7,67.33611262019254,48.21977164863945,147000000.0,1.0,0.0,False,False,0.7161056641422372,20,0,50,28.18,BLUE,"{'financial': 'Allocation is within the expected state range around the median ₹147,000,000.00.', 'duplicate': 'No duplicate risk signal detected from name/constituency/state similarity.', 'performance': 'Spending exceeds expected benchmarks moderately: ₹98,984,085.55 vs ₹70,883,064.32.', 'combined': 'Overall risk level BLUE from financial, duplicate, and performance indicators.'}","{'financial': 20, 'duplicate': 0, 'performance': 50}"
17,Uttar Pradesh,AJENDRA SINGH LODHI,HAMIRPUR_UP,147000000.0,9,43.34661914804209,24.551658930380576,147000000.0,1.0,0.0,False,False,0.5664030877824423,20,0,50,28.18,BLUE,"{'financial': 'Allocation is within the expected state range around the median ₹147,000,000.00.', 'duplicate': 'No duplicate risk signal detected from name/constituency/state similarity.', 'performance': 'Spending exceeds expected benchmarks moderately: ₹63,719,530.15 vs ₹36,090,938.63.', 'combined': 'Overall risk level BLUE from financial, duplicate, and performance indicators.'}","{'financial': 20, 'duplicate': 0, 'performance': 50}"
18,Uttar Pradesh,AKHILESH YADAV,KANNAUJ,147000000.0,15,39.53316601225208,50.355278730942985,147000000.0,1.0,0.0,False,False,1.273747686065339,20,0,0,14.55,GREEN,"{'financial': 'Allocation is within the expected state range around the median ₹147,000,000.00.', 'duplicate': 'No duplicate risk signal detected from name/constituency/state similarity.', 'performance': 'Spending is aligned with expected completion output: ₹58,113,754.04 vs ₹74,022,259.73.', 'combined': 'Overall risk level GREEN from financial, duplicate, and performance indicators.'}","{'financial': 20, 'duplicate': 0, 'performance': 0}"
19,Uttar Pradesh,AKSHAYA YADAV,FIROZABAD,147000000.0,8,59.13202998077397,51.52992293728089,147000000.0,1.0,0.0,False,False,0.871438422696383,20,0,0,14.55,GREEN,"{'financial': 'Allocation is within the expected state range around the median ₹147,000,000.00.', 'duplicate': 'No duplicate risk signal detected from name/constituency/state similarity.', 'performance': 'Spending is aligned with expected completion output: ₹86,924,084.07 vs ₹75,748,986.72.', 'combined': 'Overall risk level GREEN from financial, duplicate, and performance indicators.'}","{'financial': 20, 'duplicate': 0, 'performance': 0}"
20,Manipur,ALFRED KANNGAM S ARTHUR,OUTER MANIPUR(ST),147000000.0,9,80.32318320433666,97.6528418284168,147000000.0,1.0,0.0,False,False,1.2157491515244694,20,0,0,14.55,GREEN,"{'financial': 'Allocation is within the expected state range around the median ₹147,000,000.00.', 'duplicate': 'No duplicate risk signal detected from name/constituency/state similarity.', 'performance': 'Spending is aligned with expected completion output: ₹118,075,079.31 vs ₹143,549,677.49.', 'combined': 'Overall risk level GREEN from financial, duplicate, and performance indicators.'}","{'financial': 20, 'duplicate': 0, 'performance': 0}"
21,Bihar,Alok Kumar Suman,GOPALGANJ (SC),147000000.0,6,47.80644642987704,68.53491245484605,147000000.0,1.0,0.0,False,False,1.433591441593002,20,0,0,14.55,GREEN,"{'financial': 'Allocation is within the expected state range around the median ₹147,000,000.00.', 'duplicate': 'No duplicate risk signal detected from name/constituency/state similarity.', 'performance': 'Spending is aligned with expected completion output: ₹70,275,476.25 vs ₹100,746,321.31.', 'combined': 'Overall risk level GREEN from financial, duplicate, and performance indicators.'}","{'financial': 20, 'duplicate': 0, 'performance': 0}"
22,Madhya Pradesh,ALOK SHARMA,BHOPAL,147000000.0,13,82.58794836261715,33.18188301265009,147000000.0,1.0,0.0,False,False,0.4017763326309923,20,0,80,36.36,BLUE,"{'financial': 'Allocation is within the expected state range around the median ₹147,000,000.00.', 'duplicate': 'No duplicate risk signal detected from name/constituency/state similarity.', 'performance': 'Spending is materially higher than expected for the completion rate: ₹121,404,284.09 vs ₹48,777,368.03.', 'combined': 'Overall risk level BLUE from financial, duplicate, and performance indicators.'}","{'financial': 20, 'duplicate': 0, 'performance': 80}"
23,Maharashtra,AMAR SHARADRAO KALE,WARDHA,147000000.0,11,37.98052276144918,91.02874885613792,147000000.0,1.0,0.0,False,False,2.0,20,0,0,14.55,GREEN,"{'financial': 'Allocation is within the expected state range around the median ₹147,000,000.00.', 'duplicate': 'No duplicate risk signal detected from name/constituency/state similarity.', 'performance': 'Spending is aligned with expected completion output: ₹55,831,368.46 vs ₹133,812,260.82.', 'combined': 'Overall risk level GREEN from financial, duplicate, and performance indicators.'}","{'financial': 20, 'duplicate': 0, 'performance': 0}"
24,Assam,AMARSING TISSO,Diphu (ST),147000000.0,7,87.7191703714832,63.69305156324408,147000000.0,1.0,0.0,False,False,0.726101846306907,20,0,50,28.18,BLUE,"{'financial': 'Allocation is within the expected state range around the median ₹147,000,000.00.', 'duplicate': 'No duplicate risk signal detected from name/constituency/state similarity.', 'performance': 'Spending exceeds expected benchmarks moderately: ₹128,947,180.45 vs ₹93,628,785.80.', 'combined': 'Overall risk level BLUE from financial, duplicate, and performance indicators.'}","{'financial': 20, 'duplicate': 0, 'performance': 50}"
25,Andhra Pradesh,AMBICA G LAKSHMINARAYANA VALMIKI,ANANTAPUR,201899064.11,8,59.21530070752027,38.21663007035361,156430260.11,9430260.110000014,4.82158535073535,True,False,0.645384378931308,80,0,50,44.55,BLUE,"{'financial': 'Allocation is 3x above the state median threshold: ₹201,899,064.11 > ₹184,721,040.44.', 'duplicate': 'No duplicate risk signal detected from name/constituency/state similarity.', 'performance': 'Spending exceeds expected benchmarks moderately: ₹119,555,137.94 vs ₹77,159,018.45.', 'combined': 'Overall risk level BLUE from financial, duplicate, and performance indicators.'}","{'financial': 80, 'duplicate': 0, 'performance': 50}"
26,Maharashtra,Amol Ramsing Kolhe,SHIRUR,147000000.0,7,36.06676280059415,68.21255101981025,147000000.0,1.0,0.0,False,False,1.8912856525811224,20,0,0,14.55,GREEN,"{'financial': 'Allocation is within the expected state range around the median ₹147,000,000.00.', 'duplicate': 'No duplicate risk signal detected from name/constituency/state similarity.', 'performance': 'Spending is aligned with expected completion output: ₹53,018,141.32 vs ₹100,272,450.00.', 'combined': 'Overall risk level GREEN from financial, duplicate, and performance indicators.'}","{'financial': 20, 'duplicate': 0, 'performance': 0}"
27,Rajasthan,AMRARAM,SIKAR,165691544.11,6,47.098227041668494,86.55154528953118,147000000.0,1.0,18691544.11000001,True,False,1.837681601325624,80,0,0,30.91,BLUE,"{'financial': 'Allocation is 3x above the state median threshold: ₹165,691,544.11 > ₹147,000,003.00.', 'duplicate': 'No duplicate risk signal detected from name/constituency/state similarity.', 'performance': 'Spending is aligned with expected completion output: ₹78,037,779.63 vs ₹143,408,591.84.', 'combined': 'Overall risk level BLUE from financial, duplicate, and performance indicators.'}","{'financial': 80, 'duplicate': 0, 'performance': 0}"
28,Punjab,AMRINDER SINGH RAJA WARRING,LUDHIANA,147000000.0,9,51.00001491684581,43.863436893533496,147000000.0,1.0,0.0,False,False,0.8600671385106785,20,0,0,14.55,GREEN,"{'financial': 'Allocation is within the expected state range around the median ₹147,000,000.00.', 'duplicate': 'No duplicate risk signal detected from name/constituency/state similarity.', 'performance': 'Spending is aligned with expected completion output: ₹74,970,021.93 vs ₹64,479,252.23.', 'combined': 'Overall risk level GREEN from financial, duplicate, and performance indicators.'}","{'financial': 20, 'duplicate': 0, 'performance': 0}"
29,Uttar Pradesh,ANAND BHADAURIYA,DHAURAHRA,147000000.0,9,62.14918681541253,62.38508411300006,147000000.0,1.0,0.0,False,False,1.0037956618529564,20,0,0,14.55,GREEN,"{'financial': 'Allocation is within the expected state range around the median ₹147,000,000.00.', 'duplicate': 'No duplicate risk signal detected from name/constituency/state similarity.', 'performance': 'Spending is aligned with expected completion output: ₹91,359,304.62 vs ₹91,706,073.65.', 'combined': 'Overall risk level GREEN from financial, duplicate, and performance indicators.'}","{'financial': 20, 'duplicate': 0, 'performance': 0}"
30,Uttar Pradesh,ANAND KUMAR,BAHRAICH(SC),147000000.0,10,59.72696923987074,99.95662350262792,147000000.0,1.0,0.0,False,False,1.673559277739174,20,0,0,14.55,GREEN,"{'financial': 'Allocation is within the expected state range around the median ₹147,000,000.00.', 'duplicate': 'No duplicate risk signal detected from name/constituency/state similarity.', 'performance': 'Spending is aligned with expected completion output: ₹87,798,644.78 vs ₹146,936,236.55.', 'combined': 'Overall risk level GREEN from financial, duplicate, and performance indicators.'}","{'financial': 20, 'duplicate': 0, 'performance': 0}"
31,Odisha,ANANTA NAYAK,KEONJHAR(ST),147000000.0,11,67.61408101920902,57.7862300590695,147000000.0,1.0,0.0,False,False,0.8546478660658354,20,0,0,14.55,GREEN,"{'financial': 'Allocation is within the expected state range around the median ₹147,000,000.00.', 'duplicate': 'No duplicate risk signal detected from name/constituency/state similarity.', 'performance': 'Spending is aligned with expected completion output: ₹99,392,699.10 vs ₹84,945,758.19.', 'combined': 'Overall risk level GREEN from financial, duplicate, and performance indicators.'}","{'financial': 20, 'duplicate': 0, 'performance': 0}"
32,Tamil Nadu,Andimuthu Raja,NILGIRIS(SC),147000000.0,15,87.43684971029512,25.19297804635336,147000000.0,1.0,0.0,False,False,0.2881276959294091,20,0,80,36.36,BLUE,"{'financial': 'Allocation is within the expected state range around the median ₹147,000,000.00.', 'duplicate': 'No duplicate risk signal detected from name/constituency/state similarity.', 'performance': 'Spending is materially higher than expected for the completion rate: ₹128,532,169.07 vs ₹37,033,677.73.', 'combined': 'Overall risk level BLUE from financial, duplicate, and performance indicators.'}","{'financial': 20, 'duplicate': 0, 'performance': 80}"
33,Meghalaya,ANDREW J. SYNGKON,SHILLONG,98000000.0,15,45.00914203452609,41.4091346686147,122500000.0,24500000.0,-1.0,False,False,0.9200160855510228,20,0,0,14.55,GREEN,"{'financial': 'Allocation is within the expected state range around the median ₹122,500,000.00.', 'duplicate': 'No duplicate risk signal detected from name/constituency/state similarity.', 'performance': 'Spending is aligned with expected completion output: ₹44,108,959.19 vs ₹40,580,951.98.', 'combined': 'Overall risk level GREEN from financial, duplicate, and performance indicators.'}","{'financial': 20, 'duplicate': 0, 'performance': 0}"
34,Manipur,ANGOMCHA BIMOL AKOIJAM,INNER MANIPUR,147000000.0,12,57.37253541710863,89.88664955420272,147000000.0,1.0,0.0,False,False,1.566719143588664,20,0,0,14.55,GREEN,"{'financial': 'Allocation is within the expected state range around the median ₹147,000,000.00.', 'duplicate': 'No duplicate risk signal detected from name/constituency/state similarity.', 'performance': 'Spending is aligned with expected completion output: ₹84,337,627.06 vs ₹132,133,374.84.', 'combined': 'Overall risk level GREEN from financial, duplicate, and performance indicators.'}","{'financial': 20, 'duplicate': 0, 'performance': 0}"
35,Uttarakhand,ANIL BALUNI,GARHWAL,147000000.0,9,32.89871348098118,65.72582991606092,147000000.0,1.0,0.0,False,False,1.9978237128955565,20,0,0,14.55,GREEN,"{'financial': 'Allocation is within the expected state range around the median ₹147,000,000.00.', 'duplicate': 'No duplicate risk signal detected from name/constituency/state similarity.', 'performance': 'Spending is aligned with expected completion output: ₹48,361,108.82 vs ₹96,616,969.98.', 'combined': 'Overall risk level GREEN from financial, duplicate, and performance indicators.'}","{'financial': 20, 'duplicate': 0, 'performance': 0}"
36,Maharashtra,ANIL YESHWANT DESAI,MUMBAI SOUTH CENTRAL,147000000.0,6,40.91239029776155,40.00239147038034,147000000.0,1.0,0.0,False,False,0.97775737812535,20,0,0,14.55,GREEN,"{'financial': 'Allocation is within the expected state range around the median ₹147,000,000.00.', 'duplicate': 'No duplicate risk signal detected from name/constituency/state similarity.', 'performance': 'Spending is aligned with expected completion output: ₹60,141,213.74 vs ₹58,803,515.46.', 'combined': 'Overall risk level GREEN from financial, duplicate, and performance indicators.'}","{'financial': 20, 'duplicate': 0, 'performance': 0}"
37,Madhya Pradesh,ANITA NAGARSINGH CHOUHAN,RATLAM(ST),147000000.0,5,42.99478232960031,85.53800043006908,147000000.0,1.0,0.0,False,False,1.9894972318810729,20,0,0,14.55,GREEN,"{'financial': 'Allocation is within the expected state range around the median ₹147,000,000.00.', 'duplicate': 'No duplicate risk signal detected from name/constituency/state similarity.', 'performance': 'Spending is aligned with expected completion output: ₹63,202,330.02 vs ₹125,740,860.63.', 'combined': 'Overall risk level GREEN from financial, duplicate, and performance indicators.'}","{'financial': 20, 'duplicate': 0, 'performance': 0}"
38,Odisha,ANITA SUBHADARSHINI,ASKA,147000000.0,15,73.54472235745118,92.06316800865676,147000000.0,1.0,0.0,False,False,1.2517984303645877,20,0,0,14.55,GREEN,"{'financial': 'Allocation is within the expected state range around the median ₹147,000,000.00.', 'duplicate': 'No duplicate risk signal detected from name/constituency/state similarity.', 'performance': 'Spending is aligned with expected completion output: ₹108,110,741.87 vs ₹135,332,856.97.', 'combined': 'Overall risk level GREEN from financial, duplicate, and performance indicators.'}","{'financial': 20, 'duplicate': 0, 'performance': 0}"
39,Jharkhand,Annpurna Devi,KODARMA,166665931.8,8,57.17893868974945,92.52262339745852,147000000.0,1.0,19665931.80000001,True,False,1.6181241820433645,80,0,0,30.91,BLUE,"{'financial': 'Allocation is 3x above the state median threshold: ₹166,665,931.80 > ₹147,000,003.00.', 'duplicate': 'No duplicate risk signal detected from name/constituency/state similarity.', 'performance': 'Spending is aligned with expected completion output: ₹95,297,810.96 vs ₹154,203,692.41.', 'combined': 'Overall risk level BLUE from financial, duplicate, and performance indicators.'}","{'financial': 80, 'duplicate': 0, 'performance': 0}"
40,Uttar Pradesh,ANOOP PRADHAN BALMIKI,HATHRAS (SC),147000000.0,9,44.07663922129996,45.69265959867634,147000000.0,1.0,0.0,False,False,1.0366638746947714,20,0,0,14.55,GREEN,"{'financial': 'Allocation is within the expected state range around the median ₹147,000,000.00.', 'duplicate': 'No duplicate risk signal detected from name/constituency/state similarity.', 'performance': 'Spending is aligned with expected completion output: ₹64,792,659.66 vs ₹67,168,209.61.', 'combined': 'Overall risk level GREEN from financial, duplicate, and performance indicators.'}","{'financial': 20, 'duplicate': 0, 'performance': 0}"
41,Kerala,Anto Antony,PATHANAMTHITTA,147000000.0,6,37.00425205522095,72.709011221098,147000000.0,4877316.555000007,0.0,False,False,1.964882606263608,20,0,0,14.55,GREEN,"{'financial': 'Allocation is within the expected state range around the median ₹147,000,000.00.', 'duplicate': 'No duplicate risk signal detected from name/constituency/state similarity.', 'performance': 'Spending is aligned with expected completion output: ₹54,396,250.52 vs ₹106,882,246.50.', 'combined': 'Overall risk level GREEN from financial, duplicate, and performance indicators.'}","{'financial': 20, 'duplicate': 0, 'performance': 0}"
42,Maharashtra,ANUP SANJAY DHOTRE,AKOLA,147000000.0,11,92.9420163384113,96.78620790946162,147000000.0,1.0,0.0,False,False,1.0413611811159038,20,0,0,14.55,GREEN,"{'financial': 'Allocation is within the expected state range around the median ₹147,000,000.00.', 'duplicate': 'No duplicate risk signal detected from name/constituency/state similarity.', 'performance': 'Spending is aligned with expected completion output: ₹136,624,764.02 vs ₹142,275,725.63.', 'combined': 'Overall risk level GREEN from financial, duplicate, and performance indicators.'}","{'financial': 20, 'duplicate': 0, 'performance': 0}"
43,Uttar Pradesh,Anurag Sharma,JHANSI,147000000.0,7,85.46288419394853,60.63684626107011,147000000.0,1.0,0.0,False,False,0.7095108810447062,20,0,50,28.18,BLUE,"{'financial': 'Allocation is within the expected state range around the median ₹147,000,000.00.', 'duplicate': 'No duplicate risk signal detected from name/constituency/state similarity.', 'performance': 'Spending exceeds expected benchmarks moderately: ₹125,630,439.77 vs ₹89,136,164.00.', 'combined': 'Overall risk level BLUE from financial, duplicate, and performance indicators.'}","{'financial': 20, 'duplicate': 0, 'performance': 50}"
44,Himachal Pradesh,Anurag Singh Thakur,HAMIRPUR_HP,149570117.11,12,83.07097011322061,96.5680998043233,151567037.11,3281978.555000007,-0.6084500451588098,False,False,1.162477092451273,20,0,0,14.55,GREEN,"{'financial': 'Allocation is within the expected state range around the median ₹151,567,037.11.', 'duplicate': 'No duplicate risk signal detected from name/constituency/state similarity.', 'performance': 'Spending is aligned with expected completion output: ₹124,249,347.28 vs ₹144,437,019.97.', 'combined': 'Overall risk level GREEN from financial, duplicate, and performance indicators.'}","{'financial': 20, 'duplicate': 0, 'performance': 0}"
45,Andhra Pradesh,Appalanaidu Kalisetti,VIZIANAGARAM,147000000.0,15,32.24780371015505,96.21245143007046,156430260.11,9430260.110000014,-1.0,False,False,2.0,20,0,0,14.55,GREEN,"{'financial': 'Allocation is within the expected state range around the median ₹156,430,260.11.', 'duplicate': 'No duplicate risk signal detected from name/constituency/state similarity.', 'performance': 'Spending is aligned with expected completion output: ₹47,404,271.45 vs ₹141,432,303.60.', 'combined': 'Overall risk level GREEN from financial, duplicate, and performance indicators.'}","{'financial': 20, 'duplicate': 0, 'performance': 0}"
46,Bihar,ARUN BHARTI,JAMUI(SC),194924621.11,15,87.9228033844357,45.53915787967148,147000000.0,1.0,47924621.110000014,True,False,0.5179447893688627,80,0,80,52.73,YELLOW,"{'financial': 'Allocation is 3x above the state median threshold: ₹194,924,621.11 > ₹147,000,003.00.', 'duplicate': 'No duplicate risk signal detected from name/constituency/state similarity.', 'performance': 'Spending is materially higher than expected for the completion rate: ₹171,383,191.37 vs ₹88,767,030.95.', 'combined': 'Overall risk level YELLOW from financial, duplicate, and performance indicators.'}","{'financial': 80, 'duplicate': 0, 'performance': 80}"
47,Uttar Pradesh,ARUN GOVIL,MEERUT,147000000.0,13,43.89357155205583,66.10747419669806,147000000.0,1.0,0.0,False,False,1.5060855578429644,20,0,0,14.55,GREEN,"{'financial': 'Allocation is within the expected state range around the median ₹147,000,000.00.', 'duplicate': 'No duplicate risk signal detected from name/constituency/state similarity.', 'performance': 'Spending is aligned with expected completion output: ₹64,523,550.18 vs ₹97,177,987.07.', 'combined': 'Overall risk level GREEN from financial, duplicate, and performance indicators.'}","{'financial': 20, 'duplicate': 0, 'performance': 0}"
48,Tamil Nadu,ARUN NEHRU,PERAMBALUR,147000000.0,10,83.39490046005209,31.00013181846066,147000000.0,1.0,0.0,False,False,0.371726947900254,20,0,80,36.36,BLUE,"{'financial': 'Allocation is within the expected state range around the median ₹147,000,000.00.', 'duplicate': 'No duplicate risk signal detected from name/constituency/state similarity.', 'performance': 'Spending is materially higher than expected for the completion rate: ₹122,590,503.68 vs ₹45,570,193.77.', 'combined': 'Overall risk level BLUE from financial, duplicate, and performance indicators.'}","{'financial': 20, 'duplicate': 0, 'performance': 80}"
49,Telangana,ARUNA. D. K,MAHABUBNAGAR,147000000.0,12,66.01655165769492,32.50221155155841,147000000.0,1.0,0.0,False,False,0.4923342818644472,20,0,80,36.36,BLUE,"{'financial': 'Allocation is within the expected state range around the median ₹147,000,000.00.', 'duplicate': 'No duplicate risk signal detected from name/constituency/state similarity.', 'performance': 'Spending is materially higher than expected for the completion rate: ₹97,044,330.94 vs ₹47,778,250.98.', 'combined': 'Overall risk level BLUE from financial, duplicate, and performance indicators.'}","{'financial': 20, 'duplicate': 0, 'performance': 80}"
50,West Bengal,ARUP CHAKRABORTY,BANKURA,147000000.0,6,78.09070197614443,26.264289071036,147000000.0,1.0,0.0,False,False,0.3363305541683997,20,0,80,36.36,BLUE,"{'financial': 'Allocation is within the expected state range around the median ₹147,000,000.00.', 'duplicate': 'No duplicate risk signal detected from name/constituency/state similarity.', 'performance': 'Spending is materially higher than expected for the completion rate: ₹114,793,331.90 vs ₹38,608,504.93.', 'combined': 'Overall risk level BLUE from financial, duplicate, and performance indicators.'}","{'financial': 20, 'duplicate': 0, 'performance': 80}"
51,Telangana,Arvind Dharmapuri,NIZAMABAD,281396355.11,11,52.396353117581455,26.600380383681124,147000000.0,1.0,134396355.11,True,False,0.5076761797522018,80,0,50,44.55,BLUE,"{'financial': 'Allocation is 3x above the state median threshold: ₹281,396,355.11 > ₹147,000,003.00.', 'duplicate': 'No duplicate risk signal detected from name/constituency/state similarity.', 'performance': 'Spending exceeds expected benchmarks moderately: ₹147,441,427.88 vs ₹74,852,500.85.', 'combined': 'Overall risk level BLUE from financial, duplicate, and performance indicators.'}","{'financial': 80, 'duplicate': 0, 'performance': 50}"
52,Maharashtra,Arvind Ganpat Sawant,MUMBAI SOUTH,147000000.0,12,74.03727919241794,56.25731767710002,147000000.0,1.0,0.0,False,False,0.7598512302280991,20,0,50,28.18,BLUE,"{'financial': 'Allocation is within the expected state range around the median ₹147,000,000.00.', 'duplicate': 'No duplicate risk signal detected from name/constituency/state similarity.', 'performance': 'Spending exceeds expected benchmarks moderately: ₹108,834,800.41 vs ₹82,698,256.99.', 'combined': 'Overall risk level BLUE from financial, duplicate, and performance indicators.'}","{'financial': 20, 'duplicate': 0, 'performance': 50}"
53,Telangana,Asaduddin Owaisi,HYDERABAD,147000000.0,14,66.55681900396476,51.32053387011652,147000000.0,1.0,0.0,False,False,0.7710785256587966,20,0,50,28.18,BLUE,"{'financial': 'Allocation is within the expected state range around the median ₹147,000,000.00.', 'duplicate': 'No duplicate risk signal detected from name/constituency/state similarity.', 'performance': 'Spending exceeds expected benchmarks moderately: ₹97,838,523.94 vs ₹75,441,184.79.', 'combined': 'Overall risk level BLUE from financial, duplicate, and performance indicators.'}","{'financial': 20, 'duplicate': 0, 'performance': 50}"
54,Madhya Pradesh,ASHISH DUBEY,JABALPUR,147000000.0,15,82.79464495356248,77.48444274393268,147000000.0,1.0,0.0,False,False,0.9358629750437584,20,0,0,14.55,GREEN,"{'financial': 'Allocation is within the expected state range around the median ₹147,000,000.00.', 'duplicate': 'No duplicate risk signal detected from name/constituency/state similarity.', 'performance': 'Spending is aligned with expected completion output: ₹121,708,128.08 vs ₹113,902,130.83.', 'combined': 'Overall risk level GREEN from financial, duplicate, and performance indicators.'}","{'financial': 20, 'duplicate': 0, 'performance': 0}"
55,Uttar Pradesh,Ashok Kumar Rawat,MISRIKH(SC),147000000.0,11,44.55800266548432,90.01897608708919,147000000.0,1.0,0.0,False,False,2.0,20,0,0,14.55,GREEN,"{'financial': 'Allocation is within the expected state range around the median ₹147,000,000.00.', 'duplicate': 'No duplicate risk signal detected from name/constituency/state similarity.', 'performance': 'Spending is aligned with expected completion output: ₹65,500,263.92 vs ₹132,327,894.85.', 'combined': 'Overall risk level GREEN from financial, duplicate, and performance indicators.'}","{'financial': 20, 'duplicate': 0, 'performance': 0}"
56,Bihar,Ashok Kumar Yadav,MADHUBANI,147000000.0,13,53.37425496336319,55.646149445244006,147000000.0,1.0,0.0,False,False,1.0425653619603736,20,0,0,14.55,GREEN,"{'financial': 'Allocation is within the expected state range around the median ₹147,000,000.00.', 'duplicate': 'No duplicate risk signal detected from name/constituency/state similarity.', 'performance': 'Spending is aligned with expected completion output: ₹78,460,154.80 vs ₹81,799,839.68.', 'combined': 'Overall risk level GREEN from financial, duplicate, and performance indicators.'}","{'financial': 20, 'duplicate': 0, 'performance': 0}"
57,West Bengal,Asit Kumar Mal,BOLPUR(SC),275694456.74,14,68.18610428079587,83.8938252000099,147000000.0,1.0,128694456.74,True,False,1.230365425402929,80,0,0,30.91,BLUE,"{'financial': 'Allocation is 3x above the state median threshold: ₹275,694,456.74 > ₹147,000,003.00.', 'duplicate': 'No duplicate risk signal detected from name/constituency/state similarity.', 'performance': 'Spending is aligned with expected completion output: ₹187,985,309.77 vs ₹231,290,625.62.', 'combined': 'Overall risk level BLUE from financial, duplicate, and performance indicators.'}","{'financial': 80, 'duplicate': 0, 'performance': 0}"
58,Uttar Pradesh,ATUL GARG,GHAZIABAD,155336470.0,11,49.23373518394833,70.56216098578108,147000000.0,1.0,8336470.0,True,False,1.4332075501106087,80,0,0,30.91,BLUE,"{'financial': 'Allocation is 3x above the state median threshold: ₹155,336,470.00 > ₹147,000,003.00.', 'duplicate': 'No duplicate risk signal detected from name/constituency/state similarity.', 'performance': 'Spending is aligned with expected completion output: ₹76,477,946.28 vs ₹109,608,770.03.', 'combined': 'Overall risk level BLUE from financial, duplicate, and performance indicators.'}","{'financial': 80, 'duplicate': 0, 'performance': 0}"
59,Odisha,AVIMANYU SETHI,BHADRAK(SC),147000000.0,7,64.08614302924676,99.99516645434458,147000000.0,1.0,0.0,False,False,1.5603243030043197,20,0,0,14.55,GREEN,"{'financial': 'Allocation is within the expected state range around the median ₹147,000,000.00.', 'duplicate': 'No duplicate risk signal detected from name/constituency/state similarity.', 'performance': 'Spending is aligned with expected completion output: ₹94,206,630.25 vs ₹146,992,894.69.', 'combined': 'Overall risk level GREEN from financial, duplicate, and performance indicators.'}","{'financial': 20, 'duplicate': 0, 'performance': 0}"
60,Uttar Pradesh,AWADHESH PRASAD,FAIZABAD,147000000.0,8,89.81091752722782,69.76583499417922,147000000.0,1.0,0.0,False,False,0.7768079529198488,20,0,50,28.18,BLUE,"{'financial': 'Allocation is within the expected state range around the median ₹147,000,000.00.', 'duplicate': 'No duplicate risk signal detected from name/constituency/state similarity.', 'performance': 'Spending exceeds expected benchmarks moderately: ₹132,022,048.77 vs ₹102,555,777.44.', 'combined': 'Overall risk level BLUE from financial, duplicate, and performance indicators.'}","{'financial': 20, 'duplicate': 0, 'performance': 50}"
61,West Bengal,AZAD KIRTI JHA,BARDHAMAN-DURGAPUR,179658399.98,6,71.18005888823889,38.02921110362956,147000000.0,1.0,32658399.97999999,True,False,0.5342677668100826,80,0,80,52.73,YELLOW,"{'financial': 'Allocation is 3x above the state median threshold: ₹179,658,399.98 > ₹147,000,003.00.', 'duplicate': 'No duplicate risk signal detected from name/constituency/state similarity.', 'performance': 'Spending is materially higher than expected for the completion rate: ₹127,880,954.90 vs ₹68,322,672.19.', 'combined': 'Overall risk level YELLOW from financial, duplicate, and performance indicators.'}","{'financial': 80, 'duplicate': 0, 'performance': 80}"
62,Andhra Pradesh,B K PARTHASARATHI,HINDUPUR,160491894.11,13,86.96355876749666,82.04084746197537,156430260.11,9430260.110000014,0.4307022237587032,False,False,0.9433934009223046,20,0,0,14.55,GREEN,"{'financial': 'Allocation is within the expected state range around the median ₹156,430,260.11.', 'duplicate': 'No duplicate risk signal detected from name/constituency/state similarity.', 'performance': 'Spending is aligned with expected completion output: ₹139,569,462.65 vs ₹131,668,910.04.', 'combined': 'Overall risk level GREEN from financial, duplicate, and performance indicators.'}","{'financial': 20, 'duplicate': 0, 'performance': 0}"
63,Uttar Pradesh,BABU SINGH KUSHWAHA,JAUNPUR,147000000.0,11,32.14548742386848,61.13079612290269,147000000.0,1.0,0.0,False,False,1.9016913732504868,20,0,0,14.55,GREEN,"{'financial': 'Allocation is within the expected state range around the median ₹147,000,000.00.', 'duplicate': 'No duplicate risk signal detected from name/constituency/state similarity.', 'performance': 'Spending is aligned with expected completion output: ₹47,253,866.51 vs ₹89,862,270.30.', 'combined': 'Overall risk level GREEN from financial, duplicate, and performance indicators.'}","{'financial': 20, 'duplicate': 0, 'performance': 0}"
64,Maharashtra,BACHHAV SHOBHA DINESH,DHULE,147000000.0,11,91.9400515457767,64.62607975417255,147000000.0,1.0,0.0,False,False,0.7029154179013637,20,0,50,28.18,BLUE,"{'financial': 'Allocation is within the expected state range around the median ₹147,000,000.00.', 'duplicate': 'No duplicate risk signal detected from name/constituency/state similarity.', 'performance': 'Spending exceeds expected benchmarks moderately: ₹135,151,875.77 vs ₹95,000,337.24.', 'combined': 'Overall risk level BLUE from financial, duplicate, and performance indicators.'}","{'financial': 20, 'duplicate': 0, 'performance': 50}"
65,West Bengal,BAG MITALI,ARAMBAG(SC),147000000.0,5,72.9428610857399,70.12036289162982,147000000.0,1.0,0.0,False,False,0.9613053539154104,20,0,0,14.55,GREEN,"{'financial': 'Allocation is within the expected state range around the median ₹147,000,000.00.', 'duplicate': 'No duplicate risk signal detected from name/constituency/state similarity.', 'performance': 'Spending is aligned with expected completion output: ₹107,226,005.80 vs ₹103,076,933.45.', 'combined': 'Overall risk level GREEN from financial, duplicate, and performance indicators.'}","{'financial': 20, 'duplicate': 0, 'performance': 0}"
66,Odisha,BAIJAYANT PANDA,KENDRAPARA,147000000.0,8,48.1045873103031,58.67603469983738,147000000.0,1.0,0.0,False,False,1.219759652470193,20,0,0,14.55,GREEN,"{'financial': 'Allocation is within the expected state range around the median ₹147,000,000.00.', 'duplicate': 'No duplicate risk signal detected from name/constituency/state similarity.', 'performance': 'Spending is aligned with expected completion output: ₹70,713,743.35 vs ₹86,253,771.01.', 'combined': 'Overall risk level GREEN from financial, duplicate, and performance indicators.'}","{'financial': 20, 'duplicate': 0, 'performance': 0}"
67,Maharashtra,BAJRANG MANOHAR SONWANE,BEED,165899107.19,11,31.160278594700856,80.7595363306451,147000000.0,1.0,18899107.19,True,False,2.0,80,0,0,30.91,BLUE,"{'financial': 'Allocation is 3x above the state median threshold: ₹165,899,107.19 > ₹147,000,003.00.', 'duplicate': 'No duplicate risk signal detected from name/constituency/state similarity.', 'performance': 'Spending is aligned with expected completion output: ₹51,694,623.99 vs ₹133,979,349.74.', 'combined': 'Overall risk level BLUE from financial, duplicate, and performance indicators.'}","{'financial': 80, 'duplicate': 0, 'performance': 0}"
68,Odisha,BALABHADRA MAJHI,NABARANGPUR(ST),147413962.11,10,58.35059050770076,72.6461101817193,147000000.0,1.0,413962.1100000143,True,False,1.244993573323511,80,0,0,30.91,BLUE,"{'financial': 'Allocation is 3x above the state median threshold: ₹147,413,962.11 > ₹147,000,003.00.', 'duplicate': 'No duplicate risk signal detected from name/constituency/state similarity.', 'performance': 'Spending is aligned with expected completion output: ₹86,016,917.38 vs ₹107,090,509.34.', 'combined': 'Overall risk level BLUE from financial, duplicate, and performance indicators.'}","{'financial': 80, 'duplicate': 0, 'performance': 0}"
69,Andhra Pradesh,Balashowry Vallabbhaneni,MACHILIPATNAM,147000000.0,9,38.37229959846648,64.25996964428319,156430260.11,9430260.110000014,-1.0,False,False,1.6746447389577683,20,0,0,14.55,GREEN,"{'financial': 'Allocation is within the expected state range around the median ₹156,430,260.11.', 'duplicate': 'No duplicate risk signal detected from name/constituency/state similarity.', 'performance': 'Spending is aligned with expected completion output: ₹56,407,280.41 vs ₹94,462,155.38.', 'combined': 'Overall risk level GREEN from financial, duplicate, and performance indicators.'}","{'financial': 20, 'duplicate': 0, 'performance': 0}"
70,Telangana,BALRAM NAIK PORIKA,MAHABUBABAD,147000000.0,7,49.00470680173739,29.698039718871723,147000000.0,1.0,0.0,False,False,0.6060242302647308,20,0,50,28.18,BLUE,"{'financial': 'Allocation is within the expected state range around the median ₹147,000,000.00.', 'duplicate': 'No duplicate risk signal detected from name/constituency/state similarity.', 'performance': 'Spending exceeds expected benchmarks moderately: ₹72,036,919.00 vs ₹43,656,118.39.', 'combined': 'Overall risk level BLUE from financial, duplicate, and performance indicators.'}","{'financial': 20, 'duplicate': 0, 'performance': 50}"
71,Maharashtra,BALWANT BASWANT WANKHADE,AMRAVATI(SC),198293678.0,8,61.95600133196788,86.04390864764135,147000000.0,1.0,51293678.0,True,False,1.3887905416395014,80,0,0,30.91,BLUE,"{'financial': 'Allocation is 3x above the state median threshold: ₹198,293,678.00 > ₹147,000,003.00.', 'duplicate': 'No duplicate risk signal detected from name/constituency/state similarity.', 'performance': 'Spending is aligned with expected completion output: ₹122,854,833.78 vs ₹170,619,631.15.', 'combined': 'Overall risk level BLUE from financial, duplicate, and performance indicators.'}","{'financial': 80, 'duplicate': 0, 'performance': 0}"
72,Maharashtra,BALYA MAMA SURESH GOPINATH MHATRE,BHIWANDI,147000000.0,10,62.74487459189053,35.73077823240874,147000000.0,1.0,0.0,False,False,0.5694613060399163,20,0,50,28.18,BLUE,"{'financial': 'Allocation is within the expected state range around the median ₹147,000,000.00.', 'duplicate': 'No duplicate risk signal detected from name/constituency/state similarity.', 'performance': 'Spending exceeds expected benchmarks moderately: ₹92,234,965.65 vs ₹52,524,244.00.', 'combined': 'Overall risk level BLUE from financial, duplicate, and performance indicators.'}","{'financial': 20, 'duplicate': 0, 'performance': 50}"
73,Delhi,Bansuri Swaraj,NEW DELHI,154306950.0,9,86.3404317703475,85.41158634476014,147559100.0,424969.0,15.87845231063913,True,False,0.989242057208401,80,0,0,30.91,BLUE,"{'financial': 'Allocation is 3x above the state median threshold: ₹154,306,950.00 > ₹148,834,007.00.', 'duplicate': 'No duplicate risk signal detected from name/constituency/state similarity.', 'performance': 'Spending is aligned with expected completion output: ₹133,229,286.88 vs ₹131,796,013.84.', 'combined': 'Overall risk level BLUE from financial, duplicate, and performance indicators.'}","{'financial': 80, 'duplicate': 0, 'performance': 0}"
74,West Bengal,BAPI HALDAR,MATHURAPUR(SC),147000000.0,8,64.50416788066886,75.57843647830737,147000000.0,1.0,0.0,False,False,1.1716829929211028,20,0,0,14.55,GREEN,"{'financial': 'Allocation is within the expected state range around the median ₹147,000,000.00.', 'duplicate': 'No duplicate risk signal detected from name/constituency/state similarity.', 'performance': 'Spending is aligned with expected completion output: ₹94,821,126.78 vs ₹111,100,301.62.', 'combined': 'Overall risk level GREEN from financial, duplicate, and performance indicators.'}","{'financial': 20, 'duplicate': 0, 'performance': 0}"
75,Karnataka,BASAVARAJ BOMMAI,HAVERI,147000000.0,13,83.2421500722217,63.133050037693785,147000000.0,1.0,0.0,False,False,0.7584264700385432,20,0,50,28.18,BLUE,"{'financial': 'Allocation is within the expected state range around the median ₹147,000,000.00.', 'duplicate': 'No duplicate risk signal detected from name/constituency/state similarity.', 'performance': 'Spending exceeds expected benchmarks moderately: ₹122,365,960.61 vs ₹92,805,583.56.', 'combined': 'Overall risk level BLUE from financial, duplicate, and performance indicators.'}","{'financial': 20, 'duplicate': 0, 'performance': 50}"
76,Andhra Pradesh,BASTIPATI NAGARAJU PANCHALINGALA,KURNOOL,159998515.11,15,45.795873115099,38.81864133008605,156430260.11,9430260.110000014,0.3783835184160148,False,False,0.8476449664475871,20,0,0,14.55,GREEN,"{'financial': 'Allocation is within the expected state range around the median ₹156,430,260.11.', 'duplicate': 'No duplicate risk signal detected from name/constituency/state similarity.', 'performance': 'Spending is aligned with expected completion output: ₹73,272,716.97 vs ₹62,109,249.71.', 'combined': 'Overall risk level GREEN from financial, duplicate, and performance indicators.'}","{'financial': 20, 'duplicate': 0, 'performance': 0}"
77,Rajasthan,Bhagirath Chaudhary,AJMER,147000000.0,10,88.15646739333073,65.62848620380879,147000000.0,1.0,0.0,False,False,0.7444545833601967,20,0,50,28.18,BLUE,"{'financial': 'Allocation is within the expected state range around the median ₹147,000,000.00.', 'duplicate': 'No duplicate risk signal detected from name/constituency/state similarity.', 'performance': 'Spending exceeds expected benchmarks moderately: ₹129,590,007.07 vs ₹96,473,874.72.', 'combined': 'Overall risk level BLUE from financial, duplicate, and performance indicators.'}","{'financial': 20, 'duplicate': 0, 'performance': 50}"
78,Rajasthan,BHAJAN LAL JATAV,KARAULI-DHOLPUR(SC),147000000.0,8,52.850279387939615,35.06364232400355,147000000.0,1.0,0.0,False,False,0.663452355031543,20,0,50,28.18,BLUE,"{'financial': 'Allocation is within the expected state range around the median ₹147,000,000.00.', 'duplicate': 'No duplicate risk signal detected from name/constituency/state similarity.', 'performance': 'Spending exceeds expected benchmarks moderately: ₹77,689,910.70 vs ₹51,543,554.22.', 'combined': 'Overall risk level BLUE from financial, duplicate, and performance indicators.'}","{'financial': 20, 'duplicate': 0, 'performance': 50}"
79,Madhya Pradesh,BHARAT SINGH KUSHWAH,GWALIOR,151455276.04,10,57.55328945536587,54.39212522664016,147000000.0,1.0,4455276.039999992,True,False,0.9450741346213186,80,0,0,30.91,BLUE,"{'financial': 'Allocation is 3x above the state median threshold: ₹151,455,276.04 > ₹147,000,003.00.', 'duplicate': 'No duplicate risk signal detected from name/constituency/state similarity.', 'performance': 'Spending is aligned with expected completion output: ₹87,167,493.41 vs ₹82,379,743.41.', 'combined': 'Overall risk level BLUE from financial, duplicate, and performance indicators.'}","{'financial': 80, 'duplicate': 0, 'performance': 0}"
80,Gujarat,BHARATBHAI MANUBHAI SUTARIYA,AMRELI,147000000.0,6,67.93123797968973,75.01561074164698,147000000.0,1.0,0.0,False,False,1.1042874084537566,20,0,0,14.55,GREEN,"{'financial': 'Allocation is within the expected state range around the median ₹147,000,000.00.', 'duplicate': 'No duplicate risk signal detected from name/constituency/state similarity.', 'performance': 'Spending is aligned with expected completion output: ₹99,858,919.83 vs ₹110,272,947.79.', 'combined': 'Overall risk level GREEN from financial, duplicate, and performance indicators.'}","{'financial': 20, 'duplicate': 0, 'performance': 0}"
81,Gujarat,Bharatsinhji Shankarji Dabhi,PATAN,147000000.0,10,47.61585900578022,95.24591073573092,147000000.0,1.0,0.0,False,False,2.0,20,0,0,14.55,GREEN,"{'financial': 'Allocation is within the expected state range around the median ₹147,000,000.00.', 'duplicate': 'No duplicate risk signal detected from name/constituency/state similarity.', 'performance': 'Spending is aligned with expected completion output: ₹69,995,312.74 vs ₹140,011,488.78.', 'combined': 'Overall risk level GREEN from financial, duplicate, and performance indicators.'}","{'financial': 20, 'duplicate': 0, 'performance': 0}"
82,Madhya Pradesh,BHARTI PARDHI,BALAGHAT,154398389.01,15,61.439501079118415,30.283530660827125,147000000.0,1.0,7398389.00999999,True,False,0.4929000094227597,80,0,80,52.73,YELLOW,"{'financial': 'Allocation is 3x above the state median threshold: ₹154,398,389.01 > ₹147,000,003.00.', 'duplicate': 'No duplicate risk signal detected from name/constituency/state similarity.', 'performance': 'Spending is materially higher than expected for the completion rate: ₹94,861,599.88 vs ₹46,757,283.48.', 'combined': 'Overall risk level YELLOW from financial, duplicate, and performance indicators.'}","{'financial': 80, 'duplicate': 0, 'performance': 80}"
83,Maharashtra,BHASKAR MURLIDHAR BHAGARE,DINDORI(ST),147000000.0,10,73.30338670377971,67.01053752871076,147000000.0,1.0,0.0,False,False,0.9141533637388616,20,0,0,14.55,GREEN,"{'financial': 'Allocation is within the expected state range around the median ₹147,000,000.00.', 'duplicate': 'No duplicate risk signal detected from name/constituency/state similarity.', 'performance': 'Spending is aligned with expected completion output: ₹107,755,978.45 vs ₹98,505,490.17.', 'combined': 'Overall risk level GREEN from financial, duplicate, and performance indicators.'}","{'financial': 20, 'duplicate': 0, 'performance': 0}"
84,Maharashtra,BHAUSAHEB RAJARAM WAKCHAURE,SHIRDI(SC),147000000.0,5,90.48118630785692,75.53316266028736,147000000.0,1.0,0.0,False,False,0.8347941239772234,20,0,0,14.55,GREEN,"{'financial': 'Allocation is within the expected state range around the median ₹147,000,000.00.', 'duplicate': 'No duplicate risk signal detected from name/constituency/state similarity.', 'performance': 'Spending is aligned with expected completion output: ₹133,007,343.87 vs ₹111,033,749.11.', 'combined': 'Overall risk level GREEN from financial, duplicate, and performance indicators.'}","{'financial': 20, 'duplicate': 0, 'performance': 0}"
85,Chhattisgarh,BHOJRAJ NAG,KANKER(ST),164672734.11,6,83.44347484378852,99.78064569505358,150384382.11,3384382.1100000143,4.22184952395932,True,False,1.19578727853615,80,0,0,30.91,BLUE,"{'financial': 'Allocation is 3x above the state median threshold: ₹164,672,734.11 > ₹160,537,528.44.', 'duplicate': 'No duplicate risk signal detected from name/constituency/state similarity.', 'performance': 'Spending is aligned with expected completion output: ₹137,408,651.46 vs ₹164,311,517.38.', 'combined': 'Overall risk level BLUE from financial, duplicate, and performance indicators.'}","{'financial': 80, 'duplicate': 0, 'performance': 0}"
86,Uttar Pradesh,Bhola Singh,BULANDSHAHR(SC),147000000.0,9,63.07089672889126,23.359868538297217,147000000.0,1.0,0.0,False,False,0.3703747647462355,20,0,80,36.36,BLUE,"{'financial': 'Allocation is within the expected state range around the median ₹147,000,000.00.', 'duplicate': 'No duplicate risk signal detected from name/constituency/state similarity.', 'performance': 'Spending is materially higher than expected for the completion rate: ₹92,714,218.19 vs ₹34,339,006.75.', 'combined': 'Overall risk level BLUE from financial, duplicate, and performance indicators.'}","{'financial': 20, 'duplicate': 0, 'performance': 80}"
87,Maharashtra,BHUMARE SANDIPANRAO ASARAM,AURANGABAD_MH,147000000.0,5,30.120888056590346,46.01396432682077,147000000.0,1.0,0.0,False,False,1.527643017708207,20,0,0,14.55,GREEN,"{'financial': 'Allocation is within the expected state range around the median ₹147,000,000.00.', 'duplicate': 'No duplicate risk signal detected from name/constituency/state similarity.', 'performance': 'Spending is aligned with expected completion output: ₹44,277,705.44 vs ₹67,640,527.56.', 'combined': 'Overall risk level GREEN from financial, duplicate, and performance indicators.'}","{'financial': 20, 'duplicate': 0, 'performance': 0}"
88,Andhra Pradesh,Bhupathiraju Srinivasa varma,NARASAPURAM,147000000.0,11,44.218730394405625,27.75723550644184,156430260.11,9430260.110000014,-1.0,False,False,0.6277257456028988,20,0,50,28.18,BLUE,"{'financial': 'Allocation is within the expected state range around the median ₹156,430,260.11.', 'duplicate': 'No duplicate risk signal detected from name/constituency/state similarity.', 'performance': 'Spending exceeds expected benchmarks moderately: ₹65,001,533.68 vs ₹40,803,136.19.', 'combined': 'Overall risk level BLUE from financial, duplicate, and performance indicators.'}","{'financial': 20, 'duplicate': 0, 'performance': 50}"
89,Rajasthan,BHUPENDER YADAV,ALWAR,147000000.0,8,38.46494134248056,72.20865496024237,147000000.0,1.0,0.0,False,False,1.877258938660992,20,0,0,14.55,GREEN,"{'financial': 'Allocation is within the expected state range around the median ₹147,000,000.00.', 'duplicate': 'No duplicate risk signal detected from name/constituency/state similarity.', 'performance': 'Spending is aligned with expected completion output: ₹56,543,463.77 vs ₹106,146,722.79.', 'combined': 'Overall risk level GREEN from financial, duplicate, and performance indicators.'}","{'financial': 20, 'duplicate': 0, 'performance': 0}"
90,Odisha,BIBHU PRASAD TARAI,JAGATSINGHPUR(SC),147000000.0,11,86.36281794262973,75.10476640334576,147000000.0,1.0,0.0,False,False,0.8696423784276861,20,0,0,14.55,GREEN,"{'financial': 'Allocation is within the expected state range around the median ₹147,000,000.00.', 'duplicate': 'No duplicate risk signal detected from name/constituency/state similarity.', 'performance': 'Spending is aligned with expected completion output: ₹126,953,342.38 vs ₹110,404,006.61.', 'combined': 'Overall risk level GREEN from financial, duplicate, and performance indicators.'}","{'financial': 20, 'duplicate': 0, 'performance': 0}"
91,Jharkhand,Bidyut Baran Mahato,JAMSHEDPUR,147000000.0,6,63.65929042237251,24.3291892774468,147000000.0,1.0,0.0,False,False,0.3821781411012478,20,0,80,36.36,BLUE,"{'financial': 'Allocation is within the expected state range around the median ₹147,000,000.00.', 'duplicate': 'No duplicate risk signal detected from name/constituency/state similarity.', 'performance': 'Spending is materially higher than expected for the completion rate: ₹93,579,156.92 vs ₹35,763,908.24.', 'combined': 'Overall risk level BLUE from financial, duplicate, and performance indicators.'}","{'financial': 20, 'duplicate': 0, 'performance': 80}"
92,Assam,BIJULI KALITA MEDHI,GUWAHATI,147000000.0,8,46.943981910955785,64.9167467171832,147000000.0,1.0,0.0,False,False,1.382855566882215,20,0,0,14.55,GREEN,"{'financial': 'Allocation is within the expected state range around the median ₹147,000,000.00.', 'duplicate': 'No duplicate risk signal detected from name/constituency/state similarity.', 'performance': 'Spending is aligned with expected completion output: ₹69,007,653.41 vs ₹95,427,617.67.', 'combined': 'Overall risk level GREEN from financial, duplicate, and performance indicators.'}","{'financial': 20, 'duplicate': 0, 'performance': 0}"
93,Tripura,BIPLAB KUMAR DEB,TRIPURA WEST,147000000.0,14,38.31545444927832,95.90647732534748,147000000.0,1.0,0.0,False,False,2.0,20,0,0,14.55,GREEN,"{'financial': 'Allocation is within the expected state range around the median ₹147,000,000.00.', 'duplicate': 'No duplicate risk signal detected from name/constituency/state similarity.', 'performance': 'Spending is aligned with expected completion output: ₹56,323,718.04 vs ₹140,982,521.67.', 'combined': 'Overall risk level GREEN from financial, duplicate, and performance indicators.'}","{'financial': 20, 'duplicate': 0, 'performance': 0}"
94,Andaman And Nicobar Islands,BISHNU PADA RAY,ANDAMAN AND NICOBAR ISLANDS,147000000.0,15,63.435884513545865,73.97031728026096,147000000.0,1.0,0.0,False,False,1.166064252867249,20,0,0,14.55,GREEN,"{'financial': 'Allocation is within the expected state range around the median ₹147,000,000.00.', 'duplicate': 'No duplicate risk signal detected from name/constituency/state similarity.', 'performance': 'Spending is aligned with expected completion output: ₹93,250,750.23 vs ₹108,736,366.40.', 'combined': 'Overall risk level GREEN from financial, duplicate, and performance indicators.'}","{'financial': 20, 'duplicate': 0, 'performance': 0}"
95,Rajasthan,BRIJENDRA SINGH OLA,JHUNJHUNU,147000000.0,6,73.99138311851503,40.199508087781936,147000000.0,1.0,0.0,False,False,0.5432998599768399,20,0,80,36.36,BLUE,"{'financial': 'Allocation is within the expected state range around the median ₹147,000,000.00.', 'duplicate': 'No duplicate risk signal detected from name/constituency/state similarity.', 'performance': 'Spending is materially higher than expected for the completion rate: ₹108,767,333.18 vs ₹59,093,276.89.', 'combined': 'Overall risk level BLUE from financial, duplicate, and performance indicators.'}","{'financial': 20, 'duplicate': 0, 'performance': 80}"
96,Chhattisgarh,BRIJMOHAN AGRAWAL,RAIPUR,153766451.11,6,67.47988273820555,95.22306200672504,150384382.11,3384382.1100000143,0.9993165340304868,False,False,1.411132594526753,20,0,0,14.55,GREEN,"{'financial': 'Allocation is within the expected state range around the median ₹150,384,382.11.', 'duplicate': 'No duplicate risk signal detected from name/constituency/state similarity.', 'performance': 'Spending is aligned with expected completion output: ₹103,761,420.90 vs ₹146,421,123.09.', 'combined': 'Overall risk level GREEN from financial, duplicate, and performance indicators.'}","{'financial': 20, 'duplicate': 0, 'performance': 0}"
97,Madhya Pradesh,BUNTY VIVEK SAHU,CHHINDWARA,147000000.0,13,55.94197910445706,92.57800001643706,147000000.0,1.0,0.0,False,False,1.6548931857339508,20,0,0,14.55,GREEN,"{'financial': 'Allocation is within the expected state range around the median ₹147,000,000.00.', 'duplicate': 'No duplicate risk signal detected from name/constituency/state similarity.', 'performance': 'Spending is aligned with expected completion output: ₹82,234,709.28 vs ₹136,089,660.02.', 'combined': 'Overall risk level GREEN from financial, duplicate, and performance indicators.'}","{'financial': 20, 'duplicate': 0, 'performance': 0}"
98,Gujarat,C R Patil,NAVSARI,158532494.36,12,49.7652083134986,27.33824275189648,147000000.0,1.0,11532494.360000014,True,False,0.5493444854018846,80,0,50,44.55,BLUE,"{'financial': 'Allocation is 3x above the state median threshold: ₹158,532,494.36 > ₹147,000,003.00.', 'duplicate': 'No duplicate risk signal detected from name/constituency/state similarity.', 'performance': 'Spending exceeds expected benchmarks moderately: ₹78,894,026.06 vs ₹43,339,998.15.', 'combined': 'Overall risk level BLUE from financial, duplicate, and performance indicators.'}","{'financial': 80, 'duplicate': 0, 'performance': 50}"
99,Andhra Pradesh,C.M.RAMESH,ANAKAPALLE,202531656.11,9,76.67355158608322,27.05897085243139,156430260.11,9430260.110000014,4.888666427250852,True,False,0.3529114054675247,80,0,80,52.73,YELLOW,"{'financial': 'Allocation is 3x above the state median threshold: ₹202,531,656.11 > ₹184,721,040.44.', 'duplicate': 'No duplicate risk signal detected from name/constituency/state similarity.', 'performance': 'Spending is materially higher than expected for the completion rate: ₹155,288,213.83 vs ₹54,802,981.79.', 'combined': 'Overall risk level YELLOW from financial, duplicate, and performance indicators.'}","{'financial': 80, 'duplicate': 0, 'performance': 80}"
100,Karnataka,CAPTAIN BRIJESH CHOWTA,DAKSHINA KANNADA,147000000.0,11,65.28681374450792,66.79812225063355,147000000.0,1.0,0.0,False,False,1.0231487557662096,20,0,0,14.55,GREEN,"{'financial': 'Allocation is within the expected state range around the median ₹147,000,000.00.', 'duplicate': 'No duplicate risk signal detected from name/constituency/state similarity.', 'performance': 'Spending is aligned with expected completion output: ₹95,971,616.20 vs ₹98,193,239.71.', 'combined': 'Overall risk level GREEN from financial, duplicate, and performance indicators.'}","{'financial': 20, 'duplicate': 0, 'performance': 0}"
101,Goa,CAPTAIN VIRIATO FERNANDES,SOUTH GOA,147000000.0,7,88.3550129605444,47.43822858158731,147000000.0,1.0,0.0,False,False,0.5369047775791874,20,0,80,36.36,BLUE,"{'financial': 'Allocation is within the expected state range around the median ₹147,000,000.00.', 'duplicate': 'No duplicate risk signal detected from name/constituency/state similarity.', 'performance': 'Spending is materially higher than expected for the completion rate: ₹129,881,869.05 vs ₹69,734,196.01.', 'combined': 'Overall risk level BLUE from financial, duplicate, and performance indicators.'}","{'financial': 20, 'duplicate': 0, 'performance': 80}"
102,Telangana,CHAMALA KIRAN KUMAR REDDY,BHONGIR,147000000.0,14,54.39809604422838,61.60687862672519,147000000.0,1.0,0.0,False,False,1.132519023765753,20,0,0,14.55,GREEN,"{'financial': 'Allocation is within the expected state range around the median ₹147,000,000.00.', 'duplicate': 'No duplicate risk signal detected from name/constituency/state similarity.', 'performance': 'Spending is aligned with expected completion output: ₹79,965,201.19 vs ₹90,562,111.58.', 'combined': 'Overall risk level GREEN from financial, duplicate, and performance indicators.'}","{'financial': 20, 'duplicate': 0, 'performance': 0}"
103,Uttar Pradesh,CHANDAN CHAUHAN,BIJNOR,147000000.0,5,89.35701125340739,95.70122913306405,147000000.0,1.0,0.0,False,False,1.0709985460644504,20,0,0,14.55,GREEN,"{'financial': 'Allocation is within the expected state range around the median ₹147,000,000.00.', 'duplicate': 'No duplicate risk signal detected from name/constituency/state similarity.', 'performance': 'Spending is aligned with expected completion output: ₹131,354,806.54 vs ₹140,680,806.83.', 'combined': 'Overall risk level GREEN from financial, duplicate, and performance indicators.'}","{'financial': 20, 'duplicate': 0, 'performance': 0}"
104,Rajasthan,Chandra Prakash Joshi,CHITTORGARH,147000000.0,8,55.72699602186111,44.91288356704836,147000000.0,1.0,0.0,False,False,0.8059448162149188,20,0,0,14.55,GREEN,"{'financial': 'Allocation is within the expected state range around the median ₹147,000,000.00.', 'duplicate': 'No duplicate risk signal detected from name/constituency/state similarity.', 'performance': 'Spending is aligned with expected completion output: ₹81,918,684.15 vs ₹66,021,938.84.', 'combined': 'Overall risk level GREEN from financial, duplicate, and performance indicators.'}","{'financial': 20, 'duplicate': 0, 'performance': 0}"
105,Uttar Pradesh,CHANDRA SHEKHAR,NAGINA(SC),147000000.0,15,87.40958667318208,39.00936205273265,147000000.0,1.0,0.0,False,False,0.4462824220709994,20,0,80,36.36,BLUE,"{'financial': 'Allocation is within the expected state range around the median ₹147,000,000.00.', 'duplicate': 'No duplicate risk signal detected from name/constituency/state similarity.', 'performance': 'Spending is materially higher than expected for the completion rate: ₹128,492,092.41 vs ₹57,343,762.22.', 'combined': 'Overall risk level BLUE from financial, duplicate, and performance indicators.'}","{'financial': 20, 'duplicate': 0, 'performance': 80}"
106,Gujarat,CHANDUBHAI CHHAGANBHAI SHIHORA,SURENDRANAGAR,147000000.0,10,60.39982326576958,76.52025850136638,147000000.0,1.0,0.0,False,False,1.2668954040587856,20,0,0,14.55,GREEN,"{'financial': 'Allocation is within the expected state range around the median ₹147,000,000.00.', 'duplicate': 'No duplicate risk signal detected from name/constituency/state similarity.', 'performance': 'Spending is aligned with expected completion output: ₹88,787,740.20 vs ₹112,484,780.00.', 'combined': 'Overall risk level GREEN from financial, duplicate, and performance indicators.'}","{'financial': 20, 'duplicate': 0, 'performance': 0}"
107,Punjab,CHARANJIT SINGH CHANNI,JALANDHAR(SC),147000000.0,15,45.1545717245145,46.71920032034113,147000000.0,1.0,0.0,False,False,1.0346505023981256,20,0,0,14.55,GREEN,"{'financial': 'Allocation is within the expected state range around the median ₹147,000,000.00.', 'duplicate': 'No duplicate risk signal detected from name/constituency/state similarity.', 'performance': 'Spending is aligned with expected completion output: ₹66,377,220.44 vs ₹68,677,224.47.', 'combined': 'Overall risk level GREEN from financial, duplicate, and performance indicators.'}","{'financial': 20, 'duplicate': 0, 'performance': 0}"
108,Maharashtra,CHAVAN VASANTRAO BALWANTRAO,NANDED,0.0,12,71.90164241928076,97.73666738570633,147000000.0,1.0,-147000000.0,False,True,1.3593106373811814,20,0,0,14.55,GREEN,"{'financial': 'Allocation is within the expected state range around the median ₹147,000,000.00.', 'duplicate': 'No duplicate risk signal detected from name/constituency/state similarity.', 'performance': 'Spending is aligned with expected completion output: ₹0.00 vs ₹0.00.', 'combined': 'Overall risk level GREEN from financial, duplicate, and performance indicators.'}","{'financial': 20, 'duplicate': 0, 'performance': 0}"
109,Uttar Pradesh,CHHATRA PAL SINGH GANGWAR,BAREILLY,147000000.0,14,36.14661831114464,87.96013203909621,147000000.0,1.0,0.0,False,False,2.0,20,0,0,14.55,GREEN,"{'financial': 'Allocation is within the expected state range around the median ₹147,000,000.00.', 'duplicate': 'No duplicate risk signal detected from name/constituency/state similarity.', 'performance': 'Spending is aligned with expected completion output: ₹53,135,528.92 vs ₹129,301,394.10.', 'combined': 'Overall risk level GREEN from financial, duplicate, and performance indicators.'}","{'financial': 20, 'duplicate': 0, 'performance': 0}"
110,Maharashtra,CHHATRAPATI SHAHU SHAHAJI,KOLHAPUR,147000000.0,12,63.83735908015017,77.75141667055176,147000000.0,1.0,0.0,False,False,1.2179610464921016,20,0,0,14.55,GREEN,"{'financial': 'Allocation is within the expected state range around the median ₹147,000,000.00.', 'duplicate': 'No duplicate risk signal detected from name/constituency/state similarity.', 'performance': 'Spending is aligned with expected completion output: ₹93,840,917.85 vs ₹114,294,582.51.', 'combined': 'Overall risk level GREEN from financial, duplicate, and performance indicators.'}","{'financial': 20, 'duplicate': 0, 'performance': 0}"
111,Uttar Pradesh,CHHOTELAL,ROBERTSGANJ(SC),147000000.0,13,46.60139731307531,54.316404909962,147000000.0,1.0,0.0,False,False,1.165553138783717,20,0,0,14.55,GREEN,"{'financial': 'Allocation is within the expected state range around the median ₹147,000,000.00.', 'duplicate': 'No duplicate risk signal detected from name/constituency/state similarity.', 'performance': 'Spending is aligned with expected completion output: ₹68,504,054.05 vs ₹79,845,115.22.', 'combined': 'Overall risk level GREEN from financial, duplicate, and performance indicators.'}","{'financial': 20, 'duplicate': 0, 'performance': 0}"
112,Chhattisgarh,CHINTAMANI MAHARAJ,SARGUJA(ST),147000000.0,6,50.663419705645794,64.77281325556274,150384382.11,3384382.1100000143,-1.0,False,False,1.2784927198340033,20,0,0,14.55,GREEN,"{'financial': 'Allocation is within the expected state range around the median ₹150,384,382.11.', 'duplicate': 'No duplicate risk signal detected from name/constituency/state similarity.', 'performance': 'Spending is aligned with expected completion output: ₹74,475,226.97 vs ₹95,216,035.49.', 'combined': 'Overall risk level GREEN from financial, duplicate, and performance indicators.'}","{'financial': 20, 'duplicate': 0, 'performance': 0}"
113,Bihar,CHIRAG PASWAN,HAJIPUR(SC),147000000.0,9,78.4301808411933,49.993668178690776,147000000.0,1.0,0.0,False,False,0.637428954548999,20,0,50,28.18,BLUE,"{'financial': 'Allocation is within the expected state range around the median ₹147,000,000.00.', 'duplicate': 'No duplicate risk signal detected from name/constituency/state similarity.', 'performance': 'Spending exceeds expected benchmarks moderately: ₹115,292,365.84 vs ₹73,490,692.22.', 'combined': 'Overall risk level BLUE from financial, duplicate, and performance indicators.'}","{'financial': 20, 'duplicate': 0, 'performance': 50}"
114,Tamil Nadu,CN Annadurai,TIRUVANNAMALAI,148579509.11,15,66.37725208166484,81.5175614842172,147000000.0,1.0,1579509.1100000143,True,False,1.228094850686573,80,0,0,30.91,BLUE,"{'financial': 'Allocation is 3x above the state median threshold: ₹148,579,509.11 > ₹147,000,003.00.', 'duplicate': 'No duplicate risk signal detected from name/constituency/state similarity.', 'performance': 'Spending is aligned with expected completion output: ₹98,622,995.30 vs ₹121,118,392.69.', 'combined': 'Overall risk level BLUE from financial, duplicate, and performance indicators.'}","{'financial': 80, 'duplicate': 0, 'performance': 0}"
115,Tamil Nadu,D M Kathir Anand,VELLORE,160196941.11,13,56.85405987906121,22.121770931533227,147000000.0,1.0,13196941.110000014,True,False,0.3890974712903564,80,0,80,52.73,YELLOW,"{'financial': 'Allocation is 3x above the state median threshold: ₹160,196,941.11 > ₹147,000,003.00.', 'duplicate': 'No duplicate risk signal detected from name/constituency/state similarity.', 'performance': 'Spending is materially higher than expected for the completion rate: ₹91,078,464.82 vs ₹35,438,400.35.', 'combined': 'Overall risk level YELLOW from financial, duplicate, and performance indicators.'}","{'financial': 80, 'duplicate': 0, 'performance': 80}"
116,Tamil Nadu,D Ravikumar,VILUPPURAM(SC),197598306.11,11,42.900988045047285,26.11555727020474,147000000.0,1.0,50598306.110000014,True,False,0.6087402286115798,80,0,50,44.55,BLUE,"{'financial': 'Allocation is 3x above the state median threshold: ₹197,598,306.11 > ₹147,000,003.00.', 'duplicate': 'No duplicate risk signal detected from name/constituency/state similarity.', 'performance': 'Spending exceeds expected benchmarks moderately: ₹84,771,625.68 vs ₹51,603,898.80.', 'combined': 'Overall risk level BLUE from financial, duplicate, and performance indicators.'}","{'financial': 80, 'duplicate': 0, 'performance': 50}"
117,Andhra Pradesh,Daggubati Purandeshwari,RAJAHMUNDRY,147000000.0,14,68.71088515018245,84.34405706585414,156430260.11,9430260.110000014,-1.0,False,False,1.227521038064086,20,0,0,14.55,GREEN,"{'financial': 'Allocation is within the expected state range around the median ₹156,430,260.11.', 'duplicate': 'No duplicate risk signal detected from name/constituency/state similarity.', 'performance': 'Spending is aligned with expected completion output: ₹101,005,001.17 vs ₹123,985,763.89.', 'combined': 'Overall risk level GREEN from financial, duplicate, and performance indicators.'}","{'financial': 20, 'duplicate': 0, 'performance': 0}"
118,Andhra Pradesh,DAGGUMALLA PRASADA RAO,CHITTOOR,147000000.0,5,33.32186958899492,73.75877325101159,156430260.11,9430260.110000014,-1.0,False,False,2.0,20,0,0,14.55,GREEN,"{'financial': 'Allocation is within the expected state range around the median ₹156,430,260.11.', 'duplicate': 'No duplicate risk signal detected from name/constituency/state similarity.', 'performance': 'Spending is aligned with expected completion output: ₹48,983,148.30 vs ₹108,425,396.68.', 'combined': 'Overall risk level GREEN from financial, duplicate, and performance indicators.'}","{'financial': 20, 'duplicate': 0, 'performance': 0}"
119,Rajasthan,DAMODAR AGARWAL,BHILWARA,147000000.0,6,83.49891836869755,91.42346798473235,147000000.0,1.0,0.0,False,False,1.0949060152018162,20,0,0,14.55,GREEN,"{'financial': 'Allocation is within the expected state range around the median ₹147,000,000.00.', 'duplicate': 'No duplicate risk signal detected from name/constituency/state similarity.', 'performance': 'Spending is aligned with expected completion output: ₹122,743,410.00 vs ₹134,392,497.94.', 'combined': 'Overall risk level GREEN from financial, duplicate, and performance indicators.'}","{'financial': 20, 'duplicate': 0, 'performance': 0}"
120,Uttar Pradesh,DAROGA PRASAD SAROJ,LALGANJ (SC),147000000.0,11,91.88385001319494,81.63969734676616,147000000.0,1.0,0.0,False,False,0.8885097580809067,20,0,0,14.55,GREEN,"{'financial': 'Allocation is within the expected state range around the median ₹147,000,000.00.', 'duplicate': 'No duplicate risk signal detected from name/constituency/state similarity.', 'performance': 'Spending is aligned with expected completion output: ₹135,069,259.52 vs ₹120,010,355.10.', 'combined': 'Overall risk level GREEN from financial, duplicate, and performance indicators.'}","{'financial': 20, 'duplicate': 0, 'performance': 0}"
121,Madhya Pradesh,DARSHAN SINGH CHOUDHARY,HOSHANGABAD,147000000.0,5,56.377662954526514,45.7582805465296,147000000.0,1.0,0.0,False,False,0.8116384778744311,20,0,0,14.55,GREEN,"{'financial': 'Allocation is within the expected state range around the median ₹147,000,000.00.', 'duplicate': 'No duplicate risk signal detected from name/constituency/state similarity.', 'performance': 'Spending is aligned with expected completion output: ₹82,875,164.54 vs ₹67,264,672.40.', 'combined': 'Overall risk level GREEN from financial, duplicate, and performance indicators.'}","{'financial': 20, 'duplicate': 0, 'performance': 0}"
122,Haryana,DEEPENDER SINGH HOODA,ROHTAK,147000000.0,12,85.37013931604872,32.44291239154109,147000000.0,1.0,0.0,False,False,0.3800264665310456,20,0,80,36.36,BLUE,"{'financial': 'Allocation is within the expected state range around the median ₹147,000,000.00.', 'duplicate': 'No duplicate risk signal detected from name/constituency/state similarity.', 'performance': 'Spending is materially higher than expected for the completion rate: ₹125,494,104.79 vs ₹47,691,081.22.', 'combined': 'Overall risk level BLUE from financial, duplicate, and performance indicators.'}","{'financial': 20, 'duplicate': 0, 'performance': 80}"
123,Uttar Pradesh,Devendra Alias Bhole Singh,AKBARPUR,147000000.0,5,44.40934416559634,94.0964914396832,147000000.0,1.0,0.0,False,False,2.0,20,0,0,14.55,GREEN,"{'financial': 'Allocation is within the expected state range around the median ₹147,000,000.00.', 'duplicate': 'No duplicate risk signal detected from name/constituency/state similarity.', 'performance': 'Spending is aligned with expected completion output: ₹65,281,735.92 vs ₹138,321,842.42.', 'combined': 'Overall risk level GREEN from financial, duplicate, and performance indicators.'}","{'financial': 20, 'duplicate': 0, 'performance': 0}"
124,Bihar,DEVESH CHANDRA THAKUR,SITAMARHI,163809205.11,5,72.01666930443241,35.332726738949944,147000000.0,1.0,16809205.110000014,True,False,0.4906187286944596,80,0,80,52.73,YELLOW,"{'financial': 'Allocation is 3x above the state median threshold: ₹163,809,205.11 > ₹147,000,003.00.', 'duplicate': 'No duplicate risk signal detected from name/constituency/state similarity.', 'performance': 'Spending is materially higher than expected for the completion rate: ₹117,969,933.53 vs ₹57,878,258.81.', 'combined': 'Overall risk level YELLOW from financial, duplicate, and performance indicators.'}","{'financial': 80, 'duplicate': 0, 'performance': 80}"
125,Uttar Pradesh,DEVESH SHAKYA,ETAH,147000000.0,5,40.147415556510296,47.2342624294971,147000000.0,1.0,0.0,False,False,1.1765206246716322,20,0,0,14.55,GREEN,"{'financial': 'Allocation is within the expected state range around the median ₹147,000,000.00.', 'duplicate': 'No duplicate risk signal detected from name/constituency/state similarity.', 'performance': 'Spending is aligned with expected completion output: ₹59,016,700.87 vs ₹69,434,365.77.', 'combined': 'Overall risk level GREEN from financial, duplicate, and performance indicators.'}","{'financial': 20, 'duplicate': 0, 'performance': 0}"
126,Gujarat,Devusinh Jesingbhai Chauhan,KHEDA,147000000.0,9,35.17955684912016,77.54664619404616,147000000.0,1.0,0.0,False,False,2.0,20,0,0,14.55,GREEN,"{'financial': 'Allocation is within the expected state range around the median ₹147,000,000.00.', 'duplicate': 'No duplicate risk signal detected from name/constituency/state similarity.', 'performance': 'Spending is aligned with expected completion output: ₹51,713,948.57 vs ₹113,993,569.91.', 'combined': 'Overall risk level GREEN from financial, duplicate, and performance indicators.'}","{'financial': 20, 'duplicate': 0, 'performance': 0}"
127,Maharashtra,Dhairyasheel Sambhajirao Mane,HATKANANGLE,147000000.0,15,75.136887576215,25.310027502574872,147000000.0,1.0,0.0,False,False,0.3368522215789372,20,0,80,36.36,BLUE,"{'financial': 'Allocation is within the expected state range around the median ₹147,000,000.00.', 'duplicate': 'No duplicate risk signal detected from name/constituency/state similarity.', 'performance': 'Spending is materially higher than expected for the completion rate: ₹110,451,224.74 vs ₹37,205,740.43.', 'combined': 'Overall risk level BLUE from financial, duplicate, and performance indicators.'}","{'financial': 20, 'duplicate': 0, 'performance': 80}"
128,Maharashtra,DHANORKAR PRATIBHA SURESH ALIAS BALUBHAU,CHANDRAPUR,147000000.0,10,31.50743105322919,65.34893905762158,147000000.0,1.0,0.0,False,False,2.0,20,0,0,14.55,GREEN,"{'financial': 'Allocation is within the expected state range around the median ₹147,000,000.00.', 'duplicate': 'No duplicate risk signal detected from name/constituency/state similarity.', 'performance': 'Spending is aligned with expected completion output: ₹46,315,923.65 vs ₹96,062,940.41.', 'combined': 'Overall risk level GREEN from financial, duplicate, and performance indicators.'}","{'financial': 20, 'duplicate': 0, 'performance': 0}"
129,Odisha,DHARMENDRA PRADHAN,SAMBALPUR,147000000.0,9,34.8243432114009,92.49332565198966,147000000.0,1.0,0.0,False,False,2.0,20,0,0,14.55,GREEN,"{'financial': 'Allocation is within the expected state range around the median ₹147,000,000.00.', 'duplicate': 'No duplicate risk signal detected from name/constituency/state similarity.', 'performance': 'Spending is aligned with expected completion output: ₹51,191,784.52 vs ₹135,965,188.71.', 'combined': 'Overall risk level GREEN from financial, duplicate, and performance indicators.'}","{'financial': 20, 'duplicate': 0, 'performance': 0}"
130,Uttar Pradesh,DHARMENDRA YADAV,AZAMGARH,147000000.0,5,75.57873434441376,41.66499721480073,147000000.0,1.0,0.0,False,False,0.5512793721171954,20,0,80,36.36,BLUE,"{'financial': 'Allocation is within the expected state range around the median ₹147,000,000.00.', 'duplicate': 'No duplicate risk signal detected from name/constituency/state similarity.', 'performance': 'Spending is materially higher than expected for the completion rate: ₹111,100,739.49 vs ₹61,247,545.91.', 'combined': 'Overall risk level BLUE from financial, duplicate, and performance indicators.'}","{'financial': 20, 'duplicate': 0, 'performance': 80}"
131,Gujarat,DHAVAL LAXMANBHAI PATEL,VALSAD(ST),147000000.0,8,66.97324233766352,67.15988989077628,147000000.0,1.0,0.0,False,False,1.0027868973727108,20,0,0,14.55,GREEN,"{'financial': 'Allocation is within the expected state range around the median ₹147,000,000.00.', 'duplicate': 'No duplicate risk signal detected from name/constituency/state similarity.', 'performance': 'Spending is aligned with expected completion output: ₹98,450,666.24 vs ₹98,725,038.14.', 'combined': 'Overall risk level GREEN from financial, duplicate, and performance indicators.'}","{'financial': 20, 'duplicate': 0, 'performance': 0}"
132,Bihar,Dileshwar Kamait,SUPAUL,150450930.89,12,77.87822266677473,57.06492433505908,147000000.0,1.0,3450930.8899999857,True,False,0.7327455915272801,80,0,50,44.55,BLUE,"{'financial': 'Allocation is 3x above the state median threshold: ₹150,450,930.89 > ₹147,000,003.00.', 'duplicate': 'No duplicate risk signal detected from name/constituency/state similarity.', 'performance': 'Spending exceeds expected benchmarks moderately: ₹117,168,510.96 vs ₹85,854,709.87.', 'combined': 'Overall risk level BLUE from financial, duplicate, and performance indicators.'}","{'financial': 80, 'duplicate': 0, 'performance': 50}"
133,Assam,Dilip Saikia,Darrang-Udalguri,147000000.0,8,93.61070723095143,87.17887028900093,147000000.0,1.0,0.0,False,False,0.93129165314303,20,0,0,14.55,GREEN,"{'financial': 'Allocation is within the expected state range around the median ₹147,000,000.00.', 'duplicate': 'No duplicate risk signal detected from name/constituency/state similarity.', 'performance': 'Spending is aligned with expected completion output: ₹137,607,739.63 vs ₹128,152,939.32.', 'combined': 'Overall risk level GREEN from financial, duplicate, and performance indicators.'}","{'financial': 20, 'duplicate': 0, 'performance': 0}"
134,Bihar,Dinesh Chandra Yadav,MADHEPURA,150070866.11,14,53.39112761697235,24.14565113680129,147000000.0,1.0,3070866.1100000143,True,False,0.4522408912211418,80,0,50,44.55,BLUE,"{'financial': 'Allocation is 3x above the state median threshold: ₹150,070,866.11 > ₹147,000,003.00.', 'duplicate': 'No duplicate risk signal detected from name/constituency/state similarity.', 'performance': 'Spending exceeds expected benchmarks moderately: ₹80,124,527.64 vs ₹36,235,587.79.', 'combined': 'Overall risk level BLUE from financial, duplicate, and performance indicators.'}","{'financial': 80, 'duplicate': 0, 'performance': 50}"
135,Gujarat,DINESHBHAI MAKWANA,AHMEDABAD WEST(SC),160434965.11,13,75.31362309990094,41.35622828267901,147000000.0,1.0,13434965.110000014,True,False,0.5491201535719692,80,0,80,52.73,YELLOW,"{'financial': 'Allocation is 3x above the state median threshold: ₹160,434,965.11 > ₹147,000,003.00.', 'duplicate': 'No duplicate risk signal detected from name/constituency/state similarity.', 'performance': 'Spending is materially higher than expected for the completion rate: ₹120,829,384.94 vs ₹66,349,850.42.', 'combined': 'Overall risk level YELLOW from financial, duplicate, and performance indicators.'}","{'financial': 80, 'duplicate': 0, 'performance': 80}"
136,Andhra Pradesh,DR BYREDDY SHABARI,NANDYAL,150675889.11,5,52.289992654175535,55.66331499626463,156430260.11,9430260.110000014,-0.6102027868667126,False,False,1.0645118151841952,20,0,0,14.55,GREEN,"{'financial': 'Allocation is within the expected state range around the median ₹156,430,260.11.', 'duplicate': 'No duplicate risk signal detected from name/constituency/state similarity.', 'performance': 'Spending is aligned with expected completion output: ₹78,788,411.35 vs ₹83,871,194.78.', 'combined': 'Overall risk level GREEN from financial, duplicate, and performance indicators.'}","{'financial': 20, 'duplicate': 0, 'performance': 0}"
137,Karnataka,DR C N MANJUNATH,BANGALORE RURAL,147000000.0,11,49.830140406411566,52.69760005137555,147000000.0,1.0,0.0,False,False,1.0575446832294102,20,0,0,14.55,GREEN,"{'financial': 'Allocation is within the expected state range around the median ₹147,000,000.00.', 'duplicate': 'No duplicate risk signal detected from name/constituency/state similarity.', 'performance': 'Spending is aligned with expected completion output: ₹73,250,306.40 vs ₹77,465,472.08.', 'combined': 'Overall risk level GREEN from financial, duplicate, and performance indicators.'}","{'financial': 20, 'duplicate': 0, 'performance': 0}"
138,Andhra Pradesh,Dr Chandra Sekhar Pemmasani,GUNTUR,159774113.11,14,75.7027833886519,58.50530172137364,156430260.11,9430260.110000014,0.354587568210777,False,False,0.772828938415807,20,0,50,28.18,BLUE,"{'financial': 'Allocation is within the expected state range around the median ₹156,430,260.11.', 'duplicate': 'No duplicate risk signal detected from name/constituency/state similarity.', 'performance': 'Spending exceeds expected benchmarks moderately: ₹120,953,450.76 vs ₹93,476,326.95.', 'combined': 'Overall risk level BLUE from financial, duplicate, and performance indicators.'}","{'financial': 20, 'duplicate': 0, 'performance': 50}"
139,Punjab,DR DHARAMVIRA GANDHI,PATIALA,147000000.0,14,36.62936006822528,26.65110343097396,147000000.0,1.0,0.0,False,False,0.7275885623263422,20,0,0,14.55,GREEN,"{'financial': 'Allocation is within the expected state range around the median ₹147,000,000.00.', 'duplicate': 'No duplicate risk signal detected from name/constituency/state similarity.', 'performance': 'Spending is aligned with expected completion output: ₹53,845,159.30 vs ₹39,177,122.04.', 'combined': 'Overall risk level GREEN from financial, duplicate, and performance indicators.'}","{'financial': 20, 'duplicate': 0, 'performance': 0}"
140,West Bengal,Dr Jayanta Kumar Roy,JALPAIGURI(SC),147000000.0,15,82.88327650255518,27.06475770133987,147000000.0,1.0,0.0,False,False,0.3265406345332583,20,0,80,36.36,BLUE,"{'financial': 'Allocation is within the expected state range around the median ₹147,000,000.00.', 'duplicate': 'No duplicate risk signal detected from name/constituency/state similarity.', 'performance': 'Spending is materially higher than expected for the completion rate: ₹121,838,416.46 vs ₹39,785,193.82.', 'combined': 'Overall risk level BLUE from financial, duplicate, and performance indicators.'}","{'financial': 20, 'duplicate': 0, 'performance': 80}"
141,Maharashtra,DR KALGE SHIVAJI BANDAPPA,LATUR(SC),147000000.0,15,93.8146515509918,46.83978373116915,147000000.0,1.0,0.0,False,False,0.4992800480179789,20,0,80,36.36,BLUE,"{'financial': 'Allocation is within the expected state range around the median ₹147,000,000.00.', 'duplicate': 'No duplicate risk signal detected from name/constituency/state similarity.', 'performance': 'Spending is materially higher than expected for the completion rate: ₹137,907,537.78 vs ₹68,854,482.08.', 'combined': 'Overall risk level BLUE from financial, duplicate, and performance indicators.'}","{'financial': 20, 'duplicate': 0, 'performance': 80}"
142,Bihar,Dr Mohammad Jawed,KISHANGANJ,148669229.11,12,71.8970666416239,28.28132131255659,147000000.0,1.0,1669229.1100000143,True,False,0.3933584864251399,80,0,80,52.73,YELLOW,"{'financial': 'Allocation is 3x above the state median threshold: ₹148,669,229.11 > ₹147,000,003.00.', 'duplicate': 'No duplicate risk signal detected from name/constituency/state similarity.', 'performance': 'Spending is materially higher than expected for the completion rate: ₹106,888,814.73 vs ₹42,045,622.38.', 'combined': 'Overall risk level YELLOW from financial, duplicate, and performance indicators.'}","{'financial': 80, 'duplicate': 0, 'performance': 80}"
143,Uttar Pradesh,DR RAJKUMAR SANGWAN,BAGHPAT,147000000.0,7,76.50170122382048,97.1480315217561,147000000.0,1.0,0.0,False,False,1.269880668895595,20,0,0,14.55,GREEN,"{'financial': 'Allocation is within the expected state range around the median ₹147,000,000.00.', 'duplicate': 'No duplicate risk signal detected from name/constituency/state similarity.', 'performance': 'Spending is aligned with expected completion output: ₹112,457,500.80 vs ₹142,807,606.34.', 'combined': 'Overall risk level GREEN from financial, duplicate, and performance indicators.'}","{'financial': 20, 'duplicate': 0, 'performance': 0}"
144,Tamil Nadu,DR RANI SRI KUMAR,TENKASI(SC),153060922.82,8,72.17774325478108,65.35519601319805,147000000.0,1.0,6060922.819999993,True,False,0.9054757473159,80,0,0,30.91,BLUE,"{'financial': 'Allocation is 3x above the state median threshold: ₹153,060,922.82 > ₹147,000,003.00.', 'duplicate': 'No duplicate risk signal detected from name/constituency/state similarity.', 'performance': 'Spending is aligned with expected completion output: ₹110,475,919.90 vs ₹100,033,266.13.', 'combined': 'Overall risk level BLUE from financial, duplicate, and performance indicators.'}","{'financial': 80, 'duplicate': 0, 'performance': 0}"
145,Kerala,Dr Shashi Tharoor,THIRUVANANTHAPURAM,147000000.0,5,66.2247201179101,69.34524940280352,147000000.0,4877316.555000007,0.0,False,False,1.0471203091434356,20,0,0,14.55,GREEN,"{'financial': 'Allocation is within the expected state range around the median ₹147,000,000.00.', 'duplicate': 'No duplicate risk signal detected from name/constituency/state similarity.', 'performance': 'Spending is aligned with expected completion output: ₹97,350,338.57 vs ₹101,937,516.62.', 'combined': 'Overall risk level GREEN from financial, duplicate, and performance indicators.'}","{'financial': 20, 'duplicate': 0, 'performance': 0}"
146,West Bengal,Dr Sukanta Majumdar,BALURGHAT,157085364.9,6,59.13825498703191,78.53972141495653,147000000.0,1.0,10085364.900000006,True,False,1.3280696468331552,80,0,0,30.91,BLUE,"{'financial': 'Allocation is 3x above the state median threshold: ₹157,085,364.90 > ₹147,000,003.00.', 'duplicate': 'No duplicate risk signal detected from name/constituency/state similarity.', 'performance': 'Spending is aligned with expected completion output: ₹92,897,543.64 vs ₹123,374,407.98.', 'combined': 'Overall risk level BLUE from financial, duplicate, and performance indicators.'}","{'financial': 80, 'duplicate': 0, 'performance': 0}"
147,Gujarat,DR. HEMANG JOSHI,VADODARA,147000000.0,13,53.76887475271591,67.33793394137199,147000000.0,1.0,0.0,False,False,1.252358994884316,20,0,0,14.55,GREEN,"{'financial': 'Allocation is within the expected state range around the median ₹147,000,000.00.', 'duplicate': 'No duplicate risk signal detected from name/constituency/state similarity.', 'performance': 'Spending is aligned with expected completion output: ₹79,040,245.89 vs ₹98,986,762.89.', 'combined': 'Overall risk level GREEN from financial, duplicate, and performance indicators.'}","{'financial': 20, 'duplicate': 0, 'performance': 0}"
148,Maharashtra,DR. HEMANT VISHNU SAVARA,PALGHAR(ST),147000000.0,6,75.43483915780973,95.7980044992129,147000000.0,1.0,0.0,False,False,1.269943776227897,20,0,0,14.55,GREEN,"{'financial': 'Allocation is within the expected state range around the median ₹147,000,000.00.', 'duplicate': 'No duplicate risk signal detected from name/constituency/state similarity.', 'performance': 'Spending is aligned with expected completion output: ₹110,889,213.56 vs ₹140,823,066.61.', 'combined': 'Overall risk level GREEN from financial, duplicate, and performance indicators.'}","{'financial': 20, 'duplicate': 0, 'performance': 0}"
149,Maharashtra,DR. KIRSAN NAMDEO,GADCHIROLI-CHIMUR(ST),147000000.0,15,94.56692752698176,29.344673883677643,147000000.0,1.0,0.0,False,False,0.3103058823107585,20,0,80,36.36,BLUE,"{'financial': 'Allocation is within the expected state range around the median ₹147,000,000.00.', 'duplicate': 'No duplicate risk signal detected from name/constituency/state similarity.', 'performance': 'Spending is materially higher than expected for the completion rate: ₹139,013,383.46 vs ₹43,136,670.61.', 'combined': 'Overall risk level BLUE from financial, duplicate, and performance indicators.'}","{'financial': 20, 'duplicate': 0, 'performance': 80}"
150,Madhya Pradesh,DR. LATA WANKHEDE,SAGAR,147000000.0,10,37.57897153751251,59.29410926125532,147000000.0,1.0,0.0,False,False,1.5778534333241685,20,0,0,14.55,GREEN,"{'financial': 'Allocation is within the expected state range around the median ₹147,000,000.00.', 'duplicate': 'No duplicate risk signal detected from name/constituency/state similarity.', 'performance': 'Spending is aligned with expected completion output: ₹55,241,088.16 vs ₹87,162,340.61.', 'combined': 'Overall risk level GREEN from financial, duplicate, and performance indicators.'}","{'financial': 20, 'duplicate': 0, 'performance': 0}"
151,Kerala,DR. M.P ABDUSSAMAD SAMADANI,PONNANI,170434031.11,6,55.61210176782015,63.34881038803463,147000000.0,4877316.555000007,4.804697592567883,True,False,1.1391191552607585,80,0,0,30.91,BLUE,"{'financial': 'Allocation is 3x above the state median threshold: ₹170,434,031.11 > ₹161,631,949.67.', 'duplicate': 'No duplicate risk signal detected from name/constituency/state similarity.', 'performance': 'Spending is aligned with expected completion output: ₹94,781,946.83 vs ₹107,967,931.20.', 'combined': 'Overall risk level BLUE from financial, duplicate, and performance indicators.'}","{'financial': 80, 'duplicate': 0, 'performance': 0}"
152,Gujarat,DR. MANSUKH MANDAVIYA,PORBANDAR,147000000.0,13,56.67244512959562,98.5472350093888,147000000.0,1.0,0.0,False,False,1.738891533337516,20,0,0,14.55,GREEN,"{'financial': 'Allocation is within the expected state range around the median ₹147,000,000.00.', 'duplicate': 'No duplicate risk signal detected from name/constituency/state similarity.', 'performance': 'Spending is aligned with expected completion output: ₹83,308,494.34 vs ₹144,864,435.46.', 'combined': 'Overall risk level GREEN from financial, duplicate, and performance indicators.'}","{'financial': 20, 'duplicate': 0, 'performance': 0}"
153,Karnataka,DR. PRABHA MALLIKARJUN,DAVANAGERE,147000000.0,13,66.7090001359458,25.500478172983883,147000000.0,1.0,0.0,False,False,0.3822644338997232,20,0,80,36.36,BLUE,"{'financial': 'Allocation is within the expected state range around the median ₹147,000,000.00.', 'duplicate': 'No duplicate risk signal detected from name/constituency/state similarity.', 'performance': 'Spending is materially higher than expected for the completion rate: ₹98,062,230.20 vs ₹37,485,702.91.', 'combined': 'Overall risk level BLUE from financial, duplicate, and performance indicators.'}","{'financial': 20, 'duplicate': 0, 'performance': 80}"
154,Odisha,DR. PRADEEP KUMAR PANIGRAHY,BERHAMPUR,147000000.0,5,64.26708511172033,85.67762025273856,147000000.0,1.0,0.0,False,False,1.333149311250054,20,0,0,14.55,GREEN,"{'financial': 'Allocation is within the expected state range around the median ₹147,000,000.00.', 'duplicate': 'No duplicate risk signal detected from name/constituency/state similarity.', 'performance': 'Spending is aligned with expected completion output: ₹94,472,615.11 vs ₹125,946,101.77.', 'combined': 'Overall risk level GREEN from financial, duplicate, and performance indicators.'}","{'financial': 20, 'duplicate': 0, 'performance': 0}"
155,Maharashtra,DR. PRASHANT YADAORAO PADOLE,BHANDARA-GONDIYA,159680283.39,12,73.73834662731332,74.28283310698556,147000000.0,1.0,12680283.389999986,True,False,1.0073840342857725,80,0,0,30.91,BLUE,"{'financial': 'Allocation is 3x above the state median threshold: ₹159,680,283.39 > ₹147,000,003.00.', 'duplicate': 'No duplicate risk signal detected from name/constituency/state similarity.', 'performance': 'Spending is aligned with expected completion output: ₹117,745,600.86 vs ₹118,615,038.42.', 'combined': 'Overall risk level BLUE from financial, duplicate, and performance indicators.'}","{'financial': 80, 'duplicate': 0, 'performance': 0}"
156,Punjab,DR. RAJ KUMAR CHABBEWAL,HOSHIARPUR(SC),147000000.0,12,89.49229552021487,60.917282806557424,147000000.0,1.0,0.0,False,False,0.6806986283282587,20,0,50,28.18,BLUE,"{'financial': 'Allocation is within the expected state range around the median ₹147,000,000.00.', 'duplicate': 'No duplicate risk signal detected from name/constituency/state similarity.', 'performance': 'Spending exceeds expected benchmarks moderately: ₹131,553,674.41 vs ₹89,548,405.73.', 'combined': 'Overall risk level BLUE from financial, duplicate, and performance indicators.'}","{'financial': 20, 'duplicate': 0, 'performance': 50}"
157,Madhya Pradesh,DR. RAJESH MISHRA,SIDHI,262724510.35,15,48.56571411826974,30.596986814907623,147000000.0,1.0,115724510.35,True,False,0.630012085077062,80,0,50,44.55,BLUE,"{'financial': 'Allocation is 3x above the state median threshold: ₹262,724,510.35 > ₹147,000,003.00.', 'duplicate': 'No duplicate risk signal detected from name/constituency/state similarity.', 'performance': 'Spending exceeds expected benchmarks moderately: ₹127,594,034.62 vs ₹80,385,783.79.', 'combined': 'Overall risk level BLUE from financial, duplicate, and performance indicators.'}","{'financial': 80, 'duplicate': 0, 'performance': 50}"
158,Uttar Pradesh,DR. S P SINGH,PRATAPGARH,147000000.0,6,91.87085668577733,27.18594313089393,147000000.0,1.0,0.0,False,False,0.2959147667891795,20,0,80,36.36,BLUE,"{'financial': 'Allocation is within the expected state range around the median ₹147,000,000.00.', 'duplicate': 'No duplicate risk signal detected from name/constituency/state similarity.', 'performance': 'Spending is materially higher than expected for the completion rate: ₹135,050,159.33 vs ₹39,963,336.40.', 'combined': 'Overall risk level BLUE from financial, duplicate, and performance indicators.'}","{'financial': 20, 'duplicate': 0, 'performance': 80}"
159,West Bengal,DR. SHARMILA SARKAR,BARDHAMAN PURBA(SC),147000000.0,11,74.40638831087182,73.4763151499395,147000000.0,1.0,0.0,False,False,0.98750008995133,20,0,0,14.55,GREEN,"{'financial': 'Allocation is within the expected state range around the median ₹147,000,000.00.', 'duplicate': 'No duplicate risk signal detected from name/constituency/state similarity.', 'performance': 'Spending is aligned with expected completion output: ₹109,377,390.82 vs ₹108,010,183.27.', 'combined': 'Overall risk level GREEN from financial, duplicate, and performance indicators.'}","{'financial': 20, 'duplicate': 0, 'performance': 0}"
160,Karnataka,DR.K.SUDHAKAR,CHIKBALLAPUR,147000000.0,11,69.60365904736827,68.82644936187002,147000000.0,1.0,0.0,False,False,0.9888337812101324,20,0,0,14.55,GREEN,"{'financial': 'Allocation is within the expected state range around the median ₹147,000,000.00.', 'duplicate': 'No duplicate risk signal detected from name/constituency/state similarity.', 'performance': 'Spending is aligned with expected completion output: ₹102,317,378.80 vs ₹101,174,880.56.', 'combined': 'Overall risk level GREEN from financial, duplicate, and performance indicators.'}","{'financial': 20, 'duplicate': 0, 'performance': 0}"
161,Telangana,DR.MALLU RAVI,NAGARKURNOOL(SC),147000000.0,13,41.70153073782093,99.8957353029512,147000000.0,1.0,0.0,False,False,2.0,20,0,0,14.55,GREEN,"{'financial': 'Allocation is within the expected state range around the median ₹147,000,000.00.', 'duplicate': 'No duplicate risk signal detected from name/constituency/state similarity.', 'performance': 'Spending is aligned with expected completion output: ₹61,301,250.18 vs ₹146,846,730.90.', 'combined': 'Overall risk level GREEN from financial, duplicate, and performance indicators.'}","{'financial': 20, 'duplicate': 0, 'performance': 0}"
162,Jharkhand,DULU MAHATO,DHANBAD,147000000.0,12,38.40444864618794,21.246438750705394,147000000.0,1.0,0.0,False,False,0.5532285841789928,20,0,50,28.18,BLUE,"{'financial': 'Allocation is within the expected state range around the median ₹147,000,000.00.', 'duplicate': 'No duplicate risk signal detected from name/constituency/state similarity.', 'performance': 'Spending exceeds expected benchmarks moderately: ₹56,454,539.51 vs ₹31,232,264.96.', 'combined': 'Overall risk level BLUE from financial, duplicate, and performance indicators.'}","{'financial': 20, 'duplicate': 0, 'performance': 50}"
163,Tamil Nadu,DURAI VAIKO,TIRUCHIRAPPALLI,147000000.0,12,43.46435330113082,63.864017912806254,147000000.0,1.0,0.0,False,False,1.4693424165394104,20,0,0,14.55,GREEN,"{'financial': 'Allocation is within the expected state range around the median ₹147,000,000.00.', 'duplicate': 'No duplicate risk signal detected from name/constituency/state similarity.', 'performance': 'Spending is aligned with expected completion output: ₹63,892,599.35 vs ₹93,880,106.33.', 'combined': 'Overall risk level GREEN from financial, duplicate, and performance indicators.'}","{'financial': 20, 'duplicate': 0, 'performance': 0}"
164,Madhya Pradesh,Durga Das Uikey,BETUL(ST),151569502.91,5,77.68230527402736,90.0208282455572,147000000.0,1.0,4569502.909999996,True,False,1.158833120721704,80,0,0,30.91,BLUE,"{'financial': 'Allocation is 3x above the state median threshold: ₹151,569,502.91 > ₹147,000,003.00.', 'duplicate': 'No duplicate risk signal detected from name/constituency/state similarity.', 'performance': 'Spending is aligned with expected completion output: ₹117,742,683.95 vs ₹136,444,121.89.', 'combined': 'Overall risk level BLUE from financial, duplicate, and performance indicators.'}","{'financial': 80, 'duplicate': 0, 'performance': 0}"
165,Rajasthan,Dushyant Singh,JHALAWAR-BARAN,147000000.0,8,61.468973098434965,80.41448462033063,147000000.0,1.0,0.0,False,False,1.3082125919292122,20,0,0,14.55,GREEN,"{'financial': 'Allocation is within the expected state range around the median ₹147,000,000.00.', 'duplicate': 'No duplicate risk signal detected from name/constituency/state similarity.', 'performance': 'Spending is aligned with expected completion output: ₹90,359,390.45 vs ₹118,209,292.39.', 'combined': 'Overall risk level GREEN from financial, duplicate, and performance indicators.'}","{'financial': 20, 'duplicate': 0, 'performance': 0}"
166,Karnataka,E. TUKARAM,BELLARY(ST),147000000.0,5,66.46929492961516,76.51843084144517,147000000.0,1.0,0.0,False,False,1.1511846322797783,20,0,0,14.55,GREEN,"{'financial': 'Allocation is within the expected state range around the median ₹147,000,000.00.', 'duplicate': 'No duplicate risk signal detected from name/constituency/state similarity.', 'performance': 'Spending is aligned with expected completion output: ₹97,709,863.55 vs ₹112,482,093.34.', 'combined': 'Overall risk level GREEN from financial, duplicate, and performance indicators.'}","{'financial': 20, 'duplicate': 0, 'performance': 0}"
167,Kerala,E.T. MOHAMMED BASHEER,MALAPPURAM,163895872.11,12,92.51663955030804,23.04300148183181,147000000.0,4877316.555000007,3.464173776598347,True,False,0.2490687252999678,80,0,80,52.73,YELLOW,"{'financial': 'Allocation is 3x above the state median threshold: ₹163,895,872.11 > ₹161,631,949.67.', 'duplicate': 'No duplicate risk signal detected from name/constituency/state similarity.', 'performance': 'Spending is materially higher than expected for the completion rate: ₹151,630,953.24 vs ₹37,766,528.24.', 'combined': 'Overall risk level YELLOW from financial, duplicate, and performance indicators.'}","{'financial': 80, 'duplicate': 0, 'performance': 80}"
168,Telangana,EATALA RAJENDER,MALKAJGIRI,327477390.86,8,85.7333812464151,29.20242554912771,147000000.0,1.0,180477390.86,True,False,0.3406190812093835,80,0,80,52.73,YELLOW,"{'financial': 'Allocation is 3x above the state median threshold: ₹327,477,390.86 > ₹147,000,003.00.', 'duplicate': 'No duplicate risk signal detected from name/constituency/state similarity.', 'performance': 'Spending is materially higher than expected for the completion rate: ₹280,757,440.00 vs ₹95,631,341.26.', 'combined': 'Overall risk level YELLOW from financial, duplicate, and performance indicators.'}","{'financial': 80, 'duplicate': 0, 'performance': 80}"
169,Tamil Nadu,ESWARASAMY K,POLLACHI,162315106.11,13,83.46002184799507,55.81467443491681,147000000.0,1.0,15315106.110000014,True,False,0.6687594035929146,80,0,50,44.55,BLUE,"{'financial': 'Allocation is 3x above the state median threshold: ₹162,315,106.11 > ₹147,000,003.00.', 'duplicate': 'No duplicate risk signal detected from name/constituency/state similarity.', 'performance': 'Spending exceeds expected benchmarks moderately: ₹135,468,223.02 vs ₹90,595,648.03.', 'combined': 'Overall risk level BLUE from financial, duplicate, and performance indicators.'}","{'financial': 80, 'duplicate': 0, 'performance': 50}"
170,Madhya Pradesh,Faggan Singh Kulaste,MANDLA(ST),151861648.41,13,36.26684065094887,39.533786729866,147000000.0,1.0,4861648.409999996,True,False,1.090080801643571,80,0,0,30.91,BLUE,"{'financial': 'Allocation is 3x above the state median threshold: ₹151,861,648.41 > ₹147,000,003.00.', 'duplicate': 'No duplicate risk signal detected from name/constituency/state similarity.', 'performance': 'Spending is aligned with expected completion output: ₹55,075,422.04 vs ₹60,036,660.21.', 'combined': 'Overall risk level BLUE from financial, duplicate, and performance indicators.'}","{'financial': 80, 'duplicate': 0, 'performance': 0}"
171,Karnataka,G. KUMAR NAIK,RAICHUR(ST),147000000.0,11,37.78206976818334,50.9355863012342,147000000.0,1.0,0.0,False,False,1.3481417670804143,20,0,0,14.55,GREEN,"{'financial': 'Allocation is within the expected state range around the median ₹147,000,000.00.', 'duplicate': 'No duplicate risk signal detected from name/constituency/state similarity.', 'performance': 'Spending is aligned with expected completion output: ₹55,539,642.56 vs ₹74,875,311.86.', 'combined': 'Overall risk level GREEN from financial, duplicate, and performance indicators.'}","{'financial': 20, 'duplicate': 0, 'performance': 0}"
172,Maharashtra,GAIKWAD VARSHA EKNATH,MUMBAI NORTH-CENTRAL,147000000.0,9,32.73284860223709,59.026773032034654,147000000.0,1.0,0.0,False,False,1.803288609229095,20,0,0,14.55,GREEN,"{'financial': 'Allocation is within the expected state range around the median ₹147,000,000.00.', 'duplicate': 'No duplicate risk signal detected from name/constituency/state similarity.', 'performance': 'Spending is aligned with expected completion output: ₹48,117,287.45 vs ₹86,769,356.36.', 'combined': 'Overall risk level GREEN from financial, duplicate, and performance indicators.'}","{'financial': 20, 'duplicate': 0, 'performance': 0}"
173,Madhya Pradesh,Gajendra Singh Patel,KHARGONE(ST),147000000.0,8,41.447282379970126,93.79510979526805,147000000.0,1.0,0.0,False,False,2.0,20,0,0,14.55,GREEN,"{'financial': 'Allocation is within the expected state range around the median ₹147,000,000.00.', 'duplicate': 'No duplicate risk signal detected from name/constituency/state similarity.', 'performance': 'Spending is aligned with expected completion output: ₹60,927,505.10 vs ₹137,878,811.40.', 'combined': 'Overall risk level GREEN from financial, duplicate, and performance indicators.'}","{'financial': 20, 'duplicate': 0, 'performance': 0}"
174,Rajasthan,Gajendra Singh Shekhawat,JODHPUR,147000000.0,14,65.55011187734192,27.20586568397031,147000000.0,1.0,0.0,False,False,0.4150391952782357,20,0,80,36.36,BLUE,"{'financial': 'Allocation is within the expected state range around the median ₹147,000,000.00.', 'duplicate': 'No duplicate risk signal detected from name/constituency/state similarity.', 'performance': 'Spending is materially higher than expected for the completion rate: ₹96,358,664.46 vs ₹39,992,622.56.', 'combined': 'Overall risk level BLUE from financial, duplicate, and performance indicators.'}","{'financial': 20, 'duplicate': 0, 'performance': 80}"
175,Tamil Nadu,GANAPATHY RAJKUMAR P,COIMBATORE,147370490.11,5,74.63131691454029,87.9815945543098,147000000.0,1.0,370490.1100000143,True,False,1.1788830505973356,80,0,0,30.91,BLUE,"{'financial': 'Allocation is 3x above the state median threshold: ₹147,370,490.11 > ₹147,000,003.00.', 'duplicate': 'No duplicate risk signal detected from name/constituency/state similarity.', 'performance': 'Spending is aligned with expected completion output: ₹109,984,537.51 vs ₹129,658,907.10.', 'combined': 'Overall risk level BLUE from financial, duplicate, and performance indicators.'}","{'financial': 80, 'duplicate': 0, 'performance': 0}"
176,Tamil Nadu,Ganesan Selvam,KANCHEEPURAM(SC),186508749.11,6,94.34951815794145,96.06539572465414,147000000.0,1.0,39508749.110000014,True,False,1.0181863945912295,80,0,0,30.91,BLUE,"{'financial': 'Allocation is 3x above the state median threshold: ₹186,508,749.11 > ₹147,000,003.00.', 'duplicate': 'No duplicate risk signal detected from name/constituency/state similarity.', 'performance': 'Spending is aligned with expected completion output: ₹175,970,106.11 vs ₹179,170,367.89.', 'combined': 'Overall risk level BLUE from financial, duplicate, and performance indicators.'}","{'financial': 80, 'duplicate': 0, 'performance': 0}"
177,Madhya Pradesh,Ganesh Singh,SATNA,147000000.0,11,57.88856646151663,82.02154199617459,147000000.0,1.0,0.0,False,False,1.4168867361865174,20,0,0,14.55,GREEN,"{'financial': 'Allocation is within the expected state range around the median ₹147,000,000.00.', 'duplicate': 'No duplicate risk signal detected from name/constituency/state similarity.', 'performance': 'Spending is aligned with expected completion output: ₹85,096,192.70 vs ₹120,571,666.73.', 'combined': 'Overall risk level GREEN from financial, duplicate, and performance indicators.'}","{'financial': 20, 'duplicate': 0, 'performance': 0}"
178,Assam,GAURAV GOGOI,JORHAT,147000000.0,5,56.3428199399599,67.73824454933873,147000000.0,1.0,0.0,False,False,1.202251584523495,20,0,0,14.55,GREEN,"{'financial': 'Allocation is within the expected state range around the median ₹147,000,000.00.', 'duplicate': 'No duplicate risk signal detected from name/constituency/state similarity.', 'performance': 'Spending is aligned with expected completion output: ₹82,823,945.31 vs ₹99,575,219.49.', 'combined': 'Overall risk level GREEN from financial, duplicate, and performance indicators.'}","{'financial': 20, 'duplicate': 0, 'performance': 0}"
179,Gujarat,GENIBEN NAGAJI THAKOR,BANASKANTHA,147000000.0,15,54.955273577724114,63.27841863528071,147000000.0,1.0,0.0,False,False,1.1514530729391246,20,0,0,14.55,GREEN,"{'financial': 'Allocation is within the expected state range around the median ₹147,000,000.00.', 'duplicate': 'No duplicate risk signal detected from name/constituency/state similarity.', 'performance': 'Spending is aligned with expected completion output: ₹80,784,252.16 vs ₹93,019,275.39.', 'combined': 'Overall risk level GREEN from financial, duplicate, and performance indicators.'}","{'financial': 20, 'duplicate': 0, 'performance': 0}"
180,Bihar,Giridhari Yadav,BANKA,147000000.0,7,52.74678970629125,75.12595510956514,147000000.0,1.0,0.0,False,False,1.4242754019322748,20,0,0,14.55,GREEN,"{'financial': 'Allocation is within the expected state range around the median ₹147,000,000.00.', 'duplicate': 'No duplicate risk signal detected from name/constituency/state similarity.', 'performance': 'Spending is aligned with expected completion output: ₹77,537,780.87 vs ₹110,435,154.01.', 'combined': 'Overall risk level GREEN from financial, duplicate, and performance indicators.'}","{'financial': 20, 'duplicate': 0, 'performance': 0}"
181,Bihar,Giriraj Singh,BEGUSARAI,147000000.0,11,71.70007214872848,75.90306956532302,147000000.0,1.0,0.0,False,False,1.0586191518451502,20,0,0,14.55,GREEN,"{'financial': 'Allocation is within the expected state range around the median ₹147,000,000.00.', 'duplicate': 'No duplicate risk signal detected from name/constituency/state similarity.', 'performance': 'Spending is aligned with expected completion output: ₹105,399,106.06 vs ₹111,577,512.26.', 'combined': 'Overall risk level GREEN from financial, duplicate, and performance indicators.'}","{'financial': 20, 'duplicate': 0, 'performance': 0}"
182,Andhra Pradesh,GM Harish Balayogi,AMALAPURAM(SC),147000000.0,7,46.49859935719395,25.829392680511845,156430260.11,9430260.110000014,-1.0,False,False,0.5554875423686432,20,0,50,28.18,BLUE,"{'financial': 'Allocation is within the expected state range around the median ₹156,430,260.11.', 'duplicate': 'No duplicate risk signal detected from name/constituency/state similarity.', 'performance': 'Spending exceeds expected benchmarks moderately: ₹68,352,941.06 vs ₹37,969,207.24.', 'combined': 'Overall risk level BLUE from financial, duplicate, and performance indicators.'}","{'financial': 20, 'duplicate': 0, 'performance': 50}"
183,Telangana,GODAM NAGESH,ADILABAD(ST),147000000.0,7,36.95965435543205,88.66211947344732,147000000.0,1.0,0.0,False,False,2.0,20,0,0,14.55,GREEN,"{'financial': 'Allocation is within the expected state range around the median ₹147,000,000.00.', 'duplicate': 'No duplicate risk signal detected from name/constituency/state similarity.', 'performance': 'Spending is aligned with expected completion output: ₹54,330,691.90 vs ₹130,333,315.63.', 'combined': 'Overall risk level GREEN from financial, duplicate, and performance indicators.'}","{'financial': 20, 'duplicate': 0, 'performance': 0}"
184,Tamil Nadu,GOPINATH K,KRISHNAGIRI,147000000.0,6,61.036536423042655,83.14022599511662,147000000.0,1.0,0.0,False,False,1.3621386609959951,20,0,0,14.55,GREEN,"{'financial': 'Allocation is within the expected state range around the median ₹147,000,000.00.', 'duplicate': 'No duplicate risk signal detected from name/constituency/state similarity.', 'performance': 'Spending is aligned with expected completion output: ₹89,723,708.54 vs ₹122,216,132.21.', 'combined': 'Overall risk level GREEN from financial, duplicate, and performance indicators.'}","{'financial': 20, 'duplicate': 0, 'performance': 0}"
185,Karnataka,GOVIND MAKTHAPPA KARJOL,CHITRADURGA(SC),147000000.0,8,79.64355647584792,90.36770938092712,147000000.0,1.0,0.0,False,False,1.1346518586011576,20,0,0,14.55,GREEN,"{'financial': 'Allocation is within the expected state range around the median ₹147,000,000.00.', 'duplicate': 'No duplicate risk signal detected from name/constituency/state similarity.', 'performance': 'Spending is aligned with expected completion output: ₹117,076,028.02 vs ₹132,840,532.79.', 'combined': 'Overall risk level GREEN from financial, duplicate, and performance indicators.'}","{'financial': 20, 'duplicate': 0, 'performance': 0}"
186,Andhra Pradesh,Gumma Thanuja Rani,ARAKU(ST),149458905.11,5,77.09082272479483,73.95045861741451,156430260.11,9430260.110000014,-0.7392537341157167,False,False,0.9592640991964628,20,0,0,14.55,GREEN,"{'financial': 'Allocation is within the expected state range around the median ₹156,430,260.11.', 'duplicate': 'No duplicate risk signal detected from name/constituency/state similarity.', 'performance': 'Spending is aligned with expected completion output: ₹115,219,099.58 vs ₹110,525,545.77.', 'combined': 'Overall risk level GREEN from financial, duplicate, and performance indicators.'}","{'financial': 20, 'duplicate': 0, 'performance': 0}"
187,Punjab,GURMEET SINGH MEET HAYER,SANGRUR,147000000.0,9,70.12027083208297,38.99748447313432,147000000.0,1.0,0.0,False,False,0.5561513669352706,20,0,80,36.36,BLUE,"{'financial': 'Allocation is within the expected state range around the median ₹147,000,000.00.', 'duplicate': 'No duplicate risk signal detected from name/constituency/state similarity.', 'performance': 'Spending is materially higher than expected for the completion rate: ₹103,076,798.12 vs ₹57,326,302.18.', 'combined': 'Overall risk level BLUE from financial, duplicate, and performance indicators.'}","{'financial': 20, 'duplicate': 0, 'performance': 80}"
188,Madhya Pradesh,Gyaneshwar Patil,KHANDWA,155690684.77,15,69.04169730905988,45.67881912489186,147000000.0,1.0,8690684.77000001,True,False,0.6616120533713724,80,0,50,44.55,BLUE,"{'financial': 'Allocation is 3x above the state median threshold: ₹155,690,684.77 > ₹147,000,003.00.', 'duplicate': 'No duplicate risk signal detected from name/constituency/state similarity.', 'performance': 'Spending exceeds expected benchmarks moderately: ₹107,491,491.32 vs ₹71,117,666.29.', 'combined': 'Overall risk level BLUE from financial, duplicate, and performance indicators.'}","{'financial': 80, 'duplicate': 0, 'performance': 50}"
189,Karnataka,H.D. KUMARASWAMY,MANDYA,147000000.0,6,67.03985875082486,87.0819131762188,147000000.0,1.0,0.0,False,False,1.298957288974708,20,0,0,14.55,GREEN,"{'financial': 'Allocation is within the expected state range around the median ₹147,000,000.00.', 'duplicate': 'No duplicate risk signal detected from name/constituency/state similarity.', 'performance': 'Spending is aligned with expected completion output: ₹98,548,592.36 vs ₹128,010,412.37.', 'combined': 'Overall risk level GREEN from financial, duplicate, and performance indicators.'}","{'financial': 20, 'duplicate': 0, 'performance': 0}"
190,Uttar Pradesh,HARENDRA SINGH MALIK,MUZAFFARNAGAR,147000000.0,7,38.5247114085434,33.194491916685124,147000000.0,1.0,0.0,False,False,0.8616415465041948,20,0,0,14.55,GREEN,"{'financial': 'Allocation is within the expected state range around the median ₹147,000,000.00.', 'duplicate': 'No duplicate risk signal detected from name/constituency/state similarity.', 'performance': 'Spending is aligned with expected completion output: ₹56,631,325.77 vs ₹48,795,903.12.', 'combined': 'Overall risk level GREEN from financial, duplicate, and performance indicators.'}","{'financial': 20, 'duplicate': 0, 'performance': 0}"
191,Gujarat,HARIBHAI PATEL,MAHESANA,147000000.0,6,39.26532492760225,38.71680921540121,147000000.0,1.0,0.0,False,False,0.9860305316914504,20,0,0,14.55,GREEN,"{'financial': 'Allocation is within the expected state range around the median ₹147,000,000.00.', 'duplicate': 'No duplicate risk signal detected from name/constituency/state similarity.', 'performance': 'Spending is aligned with expected completion output: ₹57,720,027.64 vs ₹56,913,709.55.', 'combined': 'Overall risk level GREEN from financial, duplicate, and performance indicators.'}","{'financial': 20, 'duplicate': 0, 'performance': 0}"
192,Rajasthan,HARISH CHANDRA MEENA,TONK-SAWAI MADHOPUR,147000000.0,5,81.6973186851531,28.89005092343276,147000000.0,1.0,0.0,False,False,0.3536229999759216,20,0,80,36.36,BLUE,"{'financial': 'Allocation is within the expected state range around the median ₹147,000,000.00.', 'duplicate': 'No duplicate risk signal detected from name/constituency/state similarity.', 'performance': 'Spending is materially higher than expected for the completion rate: ₹120,095,058.47 vs ₹42,468,374.86.', 'combined': 'Overall risk level BLUE from financial, duplicate, and performance indicators.'}","{'financial': 20, 'duplicate': 0, 'performance': 80}"
193,Delhi,Harsh Malhotra,EAST DELHI,147134131.0,10,90.63323415123664,26.85190388989202,147559100.0,424969.0,-1.0,False,False,0.2962699515399081,20,0,80,36.36,BLUE,"{'financial': 'Allocation is within the expected state range around the median ₹147,559,100.00.', 'duplicate': 'No duplicate risk signal detected from name/constituency/state similarity.', 'performance': 'Spending is materially higher than expected for the completion rate: ₹133,352,421.47 vs ₹39,508,315.45.', 'combined': 'Overall risk level BLUE from financial, duplicate, and performance indicators.'}","{'financial': 20, 'duplicate': 0, 'performance': 80}"
194,Gujarat,Hasmukh Bhai Soma Bhai Patel,AHMEDABAD EAST,147000000.0,14,64.3089382249283,82.3100012644053,147000000.0,1.0,0.0,False,False,1.2799154135699784,20,0,0,14.55,GREEN,"{'financial': 'Allocation is within the expected state range around the median ₹147,000,000.00.', 'duplicate': 'No duplicate risk signal detected from name/constituency/state similarity.', 'performance': 'Spending is aligned with expected completion output: ₹94,534,139.19 vs ₹120,995,701.86.', 'combined': 'Overall risk level GREEN from financial, duplicate, and performance indicators.'}","{'financial': 20, 'duplicate': 0, 'performance': 0}"
195,Uttar Pradesh,IMRAN MASOOD,SAHARANPUR,147000000.0,12,30.426192893703487,31.5479190136454,147000000.0,1.0,0.0,False,False,1.0368671205057025,20,0,0,14.55,GREEN,"{'financial': 'Allocation is within the expected state range around the median ₹147,000,000.00.', 'duplicate': 'No duplicate risk signal detected from name/constituency/state similarity.', 'performance': 'Spending is aligned with expected completion output: ₹44,726,503.55 vs ₹46,375,440.95.', 'combined': 'Overall risk level GREEN from financial, duplicate, and performance indicators.'}","{'financial': 20, 'duplicate': 0, 'performance': 0}"
196,Sikkim,Indra Hang Subba,SIKKIM,152003923.11,14,73.48430659933675,45.50498913908443,152003923.11,1.0,0.0,False,False,0.6192477175731443,20,0,50,28.18,BLUE,"{'financial': 'Allocation is within the expected state range around the median ₹152,003,923.11.', 'duplicate': 'No duplicate risk signal detected from name/constituency/state similarity.', 'performance': 'Spending exceeds expected benchmarks moderately: ₹111,699,028.90 vs ₹69,169,368.70.', 'combined': 'Overall risk level BLUE from financial, duplicate, and performance indicators.'}","{'financial': 20, 'duplicate': 0, 'performance': 50}"
197,Uttar Pradesh,IQRA CHOUDHARY,KAIRANA,147000000.0,13,75.00948770257851,61.69602278546803,147000000.0,1.0,0.0,False,False,0.8225095874551237,20,0,0,14.55,GREEN,"{'financial': 'Allocation is within the expected state range around the median ₹147,000,000.00.', 'duplicate': 'No duplicate risk signal detected from name/constituency/state similarity.', 'performance': 'Spending is aligned with expected completion output: ₹110,263,946.92 vs ₹90,693,153.49.', 'combined': 'Overall risk level GREEN from financial, duplicate, and performance indicators.'}","{'financial': 20, 'duplicate': 0, 'performance': 0}"
198,West Bengal,ISHA KHAN CHOUDHURY,MALDAHA DAKSHIN,147000000.0,11,66.67831187792058,34.092113927936325,147000000.0,1.0,0.0,False,False,0.5112923972993588,20,0,80,36.36,BLUE,"{'financial': 'Allocation is within the expected state range around the median ₹147,000,000.00.', 'duplicate': 'No duplicate risk signal detected from name/constituency/state similarity.', 'performance': 'Spending is materially higher than expected for the completion rate: ₹98,017,118.46 vs ₹50,115,407.47.', 'combined': 'Overall risk level BLUE from financial, duplicate, and performance indicators.'}","{'financial': 20, 'duplicate': 0, 'performance': 80}"
199,West Bengal,JAGADISH CHANDRA BARMA BASUNIA,COOCHBEHAR(SC),168604641.11,6,38.44719870760435,73.0802926641051,147000000.0,1.0,21604641.11000001,True,False,1.900796289994745,80,0,0,30.91,BLUE,"{'financial': 'Allocation is 3x above the state median threshold: ₹168,604,641.11 > ₹147,000,003.00.', 'duplicate': 'No duplicate risk signal detected from name/constituency/state similarity.', 'performance': 'Spending is aligned with expected completion output: ₹64,823,761.40 vs ₹123,216,765.17.', 'combined': 'Overall risk level BLUE from financial, duplicate, and performance indicators.'}","{'financial': 80, 'duplicate': 0, 'performance': 0}"
200,Karnataka,JAGADISH SHETTAR,BELGAUM,147000000.0,13,74.40231725785259,95.24695787252185,147000000.0,1.0,0.0,False,False,1.2801611748519734,20,0,0,14.55,GREEN,"{'financial': 'Allocation is within the expected state range around the median ₹147,000,000.00.', 'duplicate': 'No duplicate risk signal detected from name/constituency/state similarity.', 'performance': 'Spending is aligned with expected completion output: ₹109,371,406.37 vs ₹140,013,028.07.', 'combined': 'Overall risk level GREEN from financial, duplicate, and performance indicators.'}","{'financial': 20, 'duplicate': 0, 'performance': 0}"
201,West Bengal,Jagannath Sarkar,RANAGHAT(SC),147000000.0,12,61.813348573417045,36.99689494463232,147000000.0,1.0,0.0,False,False,0.5985259785868147,20,0,50,28.18,BLUE,"{'financial': 'Allocation is within the expected state range around the median ₹147,000,000.00.', 'duplicate': 'No duplicate risk signal detected from name/constituency/state similarity.', 'performance': 'Spending exceeds expected benchmarks moderately: ₹90,865,622.40 vs ₹54,385,435.57.', 'combined': 'Overall risk level BLUE from financial, duplicate, and performance indicators.'}","{'financial': 20, 'duplicate': 0, 'performance': 50}"
202,Uttar Pradesh,Jagdambika Pal,DOMARIYAGANJ,160643957.11,6,59.90722139671459,62.03133183820469,147000000.0,1.0,13643957.110000014,True,False,1.035456667693264,80,0,0,30.91,BLUE,"{'financial': 'Allocation is 3x above the state median threshold: ₹160,643,957.11 > ₹147,000,003.00.', 'duplicate': 'No duplicate risk signal detected from name/constituency/state similarity.', 'performance': 'Spending is aligned with expected completion output: ₹96,237,331.05 vs ₹99,649,586.11.', 'combined': 'Overall risk level BLUE from financial, duplicate, and performance indicators.'}","{'financial': 80, 'duplicate': 0, 'performance': 0}"
203,Haryana,JAI PARKASH,HISAR,147000000.0,15,90.76672007038842,70.40472082492698,147000000.0,1.0,0.0,False,False,0.7756666845549671,20,0,50,28.18,BLUE,"{'financial': 'Allocation is within the expected state range around the median ₹147,000,000.00.', 'duplicate': 'No duplicate risk signal detected from name/constituency/state similarity.', 'performance': 'Spending exceeds expected benchmarks moderately: ₹133,427,078.50 vs ₹103,494,939.61.', 'combined': 'Overall risk level BLUE from financial, duplicate, and performance indicators.'}","{'financial': 20, 'duplicate': 0, 'performance': 50}"
204,Uttar Pradesh,Jai Prakash,HARDOI (SC),147000000.0,12,87.84140545433124,63.59218547123791,147000000.0,1.0,0.0,False,False,0.7239431694236667,20,0,50,28.18,BLUE,"{'financial': 'Allocation is within the expected state range around the median ₹147,000,000.00.', 'duplicate': 'No duplicate risk signal detected from name/constituency/state similarity.', 'performance': 'Spending exceeds expected benchmarks moderately: ₹129,126,866.02 vs ₹93,480,512.64.', 'combined': 'Overall risk level BLUE from financial, duplicate, and performance indicators.'}","{'financial': 20, 'duplicate': 0, 'performance': 50}"
205,Madhya Pradesh,Janardan Mishra,REWA,147000000.0,13,75.5444613623171,95.6712684645622,147000000.0,1.0,0.0,False,False,1.2664233318934577,20,0,0,14.55,GREEN,"{'financial': 'Allocation is within the expected state range around the median ₹147,000,000.00.', 'duplicate': 'No duplicate risk signal detected from name/constituency/state similarity.', 'performance': 'Spending is aligned with expected completion output: ₹111,050,358.20 vs ₹140,636,764.64.', 'combined': 'Overall risk level GREEN from financial, duplicate, and performance indicators.'}","{'financial': 20, 'duplicate': 0, 'performance': 0}"
206,Gujarat,JASHUBHAI BHILUBHAI RATHVA,CHHOTA UDAIPUR(ST),147000000.0,15,45.887811688348336,50.903118016126086,147000000.0,1.0,0.0,False,False,1.109294955310567,20,0,0,14.55,GREEN,"{'financial': 'Allocation is within the expected state range around the median ₹147,000,000.00.', 'duplicate': 'No duplicate risk signal detected from name/constituency/state similarity.', 'performance': 'Spending is aligned with expected completion output: ₹67,455,083.18 vs ₹74,827,583.48.', 'combined': 'Overall risk level GREEN from financial, duplicate, and performance indicators.'}","{'financial': 20, 'duplicate': 0, 'performance': 0}"
207,Gujarat,Jaswantsinh Sumanbhai Bhabhor,DAHOD(ST),147000000.0,7,51.64839848441002,41.65880307602531,147000000.0,1.0,0.0,False,False,0.8065846047210922,20,0,0,14.55,GREEN,"{'financial': 'Allocation is within the expected state range around the median ₹147,000,000.00.', 'duplicate': 'No duplicate risk signal detected from name/constituency/state similarity.', 'performance': 'Spending is aligned with expected completion output: ₹75,923,145.77 vs ₹61,238,440.52.', 'combined': 'Overall risk level GREEN from financial, duplicate, and performance indicators.'}","{'financial': 20, 'duplicate': 0, 'performance': 0}"
208,Bihar,JITAN RAM MANJHI,GAYA (SC),147000000.0,13,31.85037721337989,36.09213700473899,147000000.0,1.0,0.0,False,False,1.1331776940329987,20,0,0,14.55,GREEN,"{'financial': 'Allocation is within the expected state range around the median ₹147,000,000.00.', 'duplicate': 'No duplicate risk signal detected from name/constituency/state similarity.', 'performance': 'Spending is aligned with expected completion output: ₹46,820,054.50 vs ₹53,055,441.40.', 'combined': 'Overall risk level GREEN from financial, duplicate, and performance indicators.'}","{'financial': 20, 'duplicate': 0, 'performance': 0}"
209,Uttar Pradesh,JITENDRA KUMAR DOHARE,ETAWAH(SC),188747306.26,11,57.83460180216428,37.40557260890484,147000000.0,1.0,41747306.25999999,True,False,0.6467680496333089,80,0,50,44.55,BLUE,"{'financial': 'Allocation is 3x above the state median threshold: ₹188,747,306.26 > ₹147,000,003.00.', 'duplicate': 'No duplicate risk signal detected from name/constituency/state similarity.', 'performance': 'Spending exceeds expected benchmarks moderately: ₹109,161,252.99 vs ₹70,602,010.69.', 'combined': 'Overall risk level BLUE from financial, duplicate, and performance indicators.'}","{'financial': 80, 'duplicate': 0, 'performance': 50}"
210,Jammu And Kashmir,Jitendra Singh,UDHAMPUR,147000000.0,9,30.2829630874018,67.03039433858247,147000000.0,1.0,0.0,False,False,2.0,20,0,0,14.55,GREEN,"{'financial': 'Allocation is within the expected state range around the median ₹147,000,000.00.', 'duplicate': 'No duplicate risk signal detected from name/constituency/state similarity.', 'performance': 'Spending is aligned with expected completion output: ₹44,515,955.74 vs ₹98,534,679.68.', 'combined': 'Overall risk level GREEN from financial, duplicate, and performance indicators.'}","{'financial': 20, 'duplicate': 0, 'performance': 0}"
211,Uttar Pradesh,JITIN PRASADA,PILIBHIT,147000000.0,12,85.35033741664313,89.90944402825083,147000000.0,1.0,0.0,False,False,1.0534163865029862,20,0,0,14.55,GREEN,"{'financial': 'Allocation is within the expected state range around the median ₹147,000,000.00.', 'duplicate': 'No duplicate risk signal detected from name/constituency/state similarity.', 'performance': 'Spending is aligned with expected completion output: ₹125,464,996.00 vs ₹132,166,882.72.', 'combined': 'Overall risk level GREEN from financial, duplicate, and performance indicators.'}","{'financial': 20, 'duplicate': 0, 'performance': 0}"
212,Jharkhand,JOBA MAJHI,SINGHBHUM(ST),147000000.0,13,81.33152757543785,44.2873362763445,147000000.0,1.0,0.0,False,False,0.5445285192174271,20,0,80,36.36,BLUE,"{'financial': 'Allocation is within the expected state range around the median ₹147,000,000.00.', 'duplicate': 'No duplicate risk signal detected from name/constituency/state similarity.', 'performance': 'Spending is materially higher than expected for the completion rate: ₹119,557,345.54 vs ₹65,102,384.33.', 'combined': 'Overall risk level BLUE from financial, duplicate, and performance indicators.'}","{'financial': 20, 'duplicate': 0, 'performance': 80}"
213,Assam,JOYANTA BASUMATARY,KOKRAJHAR (ST),147000000.0,7,37.19233017650228,63.79989611325819,147000000.0,1.0,0.0,False,False,1.71540464957386,20,0,0,14.55,GREEN,"{'financial': 'Allocation is within the expected state range around the median ₹147,000,000.00.', 'duplicate': 'No duplicate risk signal detected from name/constituency/state similarity.', 'performance': 'Spending is aligned with expected completion output: ₹54,672,725.36 vs ₹93,785,847.29.', 'combined': 'Overall risk level GREEN from financial, duplicate, and performance indicators.'}","{'financial': 20, 'duplicate': 0, 'performance': 0}"
214,West Bengal,JUNE MALIAH,MEDINIPUR,147000000.0,6,46.543108146192,33.65109689409568,147000000.0,1.0,0.0,False,False,0.7230092323958578,20,0,0,14.55,GREEN,"{'financial': 'Allocation is within the expected state range around the median ₹147,000,000.00.', 'duplicate': 'No duplicate risk signal detected from name/constituency/state similarity.', 'performance': 'Spending is aligned with expected completion output: ₹68,418,368.97 vs ₹49,467,112.43.', 'combined': 'Overall risk level GREEN from financial, duplicate, and performance indicators.'}","{'financial': 20, 'duplicate': 0, 'performance': 0}"
215,Madhya Pradesh,JYOTIRADITYA M. SCINDIA,GUNA,147000000.0,14,78.45783079677713,45.484051254357965,147000000.0,1.0,0.0,False,False,0.5797260871533851,20,0,80,36.36,BLUE,"{'financial': 'Allocation is within the expected state range around the median ₹147,000,000.00.', 'duplicate': 'No duplicate risk signal detected from name/constituency/state similarity.', 'performance': 'Spending is materially higher than expected for the completion rate: ₹115,333,011.27 vs ₹66,861,555.34.', 'combined': 'Overall risk level BLUE from financial, duplicate, and performance indicators.'}","{'financial': 20, 'duplicate': 0, 'performance': 80}"
216,Chhattisgarh,Jyotsna Charandas Mahant,KORBA,155153738.11,11,47.38244343794216,36.680517625188486,150384382.11,3384382.1100000143,1.4092250357628735,False,False,0.7741373167728207,20,0,0,14.55,GREEN,"{'financial': 'Allocation is within the expected state range around the median ₹150,384,382.11.', 'duplicate': 'No duplicate risk signal detected from name/constituency/state similarity.', 'performance': 'Spending is aligned with expected completion output: ₹73,515,632.20 vs ₹56,911,194.25.', 'combined': 'Overall risk level GREEN from financial, duplicate, and performance indicators.'}","{'financial': 20, 'duplicate': 0, 'performance': 0}"
217,Tamil Nadu,K E PRAKASH,ERODE,147000000.0,15,92.7357005381993,48.96256630765343,147000000.0,1.0,0.0,False,False,0.5279796887659783,20,0,80,36.36,BLUE,"{'financial': 'Allocation is within the expected state range around the median ₹147,000,000.00.', 'duplicate': 'No duplicate risk signal detected from name/constituency/state similarity.', 'performance': 'Spending is materially higher than expected for the completion rate: ₹136,321,479.79 vs ₹71,974,972.47.', 'combined': 'Overall risk level BLUE from financial, duplicate, and performance indicators.'}","{'financial': 20, 'duplicate': 0, 'performance': 80}"
218,Kerala,K RADHAKRISHNAN,ALATHUR(SC),147000000.0,15,66.63046881864278,62.21277660648649,147000000.0,4877316.555000007,0.0,False,False,0.9336986173070384,20,0,0,14.55,GREEN,"{'financial': 'Allocation is within the expected state range around the median ₹147,000,000.00.', 'duplicate': 'No duplicate risk signal detected from name/constituency/state similarity.', 'performance': 'Spending is aligned with expected completion output: ₹97,946,789.16 vs ₹91,452,781.61.', 'combined': 'Overall risk level GREEN from financial, duplicate, and performance indicators.'}","{'financial': 20, 'duplicate': 0, 'performance': 0}"
219,Tamil Nadu,K Subbarayan,TIRUPPUR,147000000.0,8,46.36952548176697,48.70360869419044,147000000.0,1.0,0.0,False,False,1.0503365774864628,20,0,0,14.55,GREEN,"{'financial': 'Allocation is within the expected state range around the median ₹147,000,000.00.', 'duplicate': 'No duplicate risk signal detected from name/constituency/state similarity.', 'performance': 'Spending is aligned with expected completion output: ₹68,163,202.46 vs ₹71,594,304.78.', 'combined': 'Overall risk level GREEN from financial, duplicate, and performance indicators.'}","{'financial': 20, 'duplicate': 0, 'performance': 0}"
220,Kerala,K. C VENUGOPAL,ALAPPUZHA,147000000.0,9,47.65925208012542,40.30731535958581,147000000.0,4877316.555000007,0.0,False,False,0.8457395699752184,20,0,0,14.55,GREEN,"{'financial': 'Allocation is within the expected state range around the median ₹147,000,000.00.', 'duplicate': 'No duplicate risk signal detected from name/constituency/state similarity.', 'performance': 'Spending is aligned with expected completion output: ₹70,059,100.56 vs ₹59,251,753.58.', 'combined': 'Overall risk level GREEN from financial, duplicate, and performance indicators.'}","{'financial': 20, 'duplicate': 0, 'performance': 0}"
221,Karnataka,K. RAJASHEKAR BASAVARAJ HITNAL,KOPPAL,147000000.0,14,30.78938952380451,54.28523719751133,147000000.0,1.0,0.0,False,False,1.7631150872784027,20,0,0,14.55,GREEN,"{'financial': 'Allocation is within the expected state range around the median ₹147,000,000.00.', 'duplicate': 'No duplicate risk signal detected from name/constituency/state similarity.', 'performance': 'Spending is aligned with expected completion output: ₹45,260,402.60 vs ₹79,799,298.68.', 'combined': 'Overall risk level GREEN from financial, duplicate, and performance indicators.'}","{'financial': 20, 'duplicate': 0, 'performance': 0}"
222,Telangana,KADIYAM KAVYA,WARANGEL(SC),147000000.0,11,75.75245135000776,90.52804912269862,147000000.0,1.0,0.0,False,False,1.1950510842800512,20,0,0,14.55,GREEN,"{'financial': 'Allocation is within the expected state range around the median ₹147,000,000.00.', 'duplicate': 'No duplicate risk signal detected from name/constituency/state similarity.', 'performance': 'Spending is aligned with expected completion output: ₹111,356,103.48 vs ₹133,076,232.21.', 'combined': 'Overall risk level GREEN from financial, duplicate, and performance indicators.'}","{'financial': 20, 'duplicate': 0, 'performance': 0}"
223,West Bengal,Kakoli Ghosh Dastidar,BARASAT,147000000.0,5,38.62421822574653,72.64059276763857,147000000.0,1.0,0.0,False,False,1.8807006615144133,20,0,0,14.55,GREEN,"{'financial': 'Allocation is within the expected state range around the median ₹147,000,000.00.', 'duplicate': 'No duplicate risk signal detected from name/constituency/state similarity.', 'performance': 'Spending is aligned with expected completion output: ₹56,777,600.79 vs ₹106,781,671.37.', 'combined': 'Overall risk level GREEN from financial, duplicate, and performance indicators.'}","{'financial': 20, 'duplicate': 0, 'performance': 0}"
224,The Dadra And Nagar Haveli And Daman And Diu,Kalaben Mohanbhai Delkar,DADRA & NAGAR HAVELI (ST),147000000.0,14,59.42093795245782,56.669105376081,196031978.5,49031978.5,-1.0,False,False,0.953689176387984,20,0,0,14.55,GREEN,"{'financial': 'Allocation is within the expected state range around the median ₹196,031,978.50.', 'duplicate': 'No duplicate risk signal detected from name/constituency/state similarity.', 'performance': 'Spending is aligned with expected completion output: ₹87,348,778.79 vs ₹83,303,584.90.', 'combined': 'Overall risk level GREEN from financial, duplicate, and performance indicators.'}","{'financial': 20, 'duplicate': 0, 'performance': 0}"
225,Tamil Nadu,Kalanidhi Veeraswamy,CHENNAI NORTH,171500000.0,6,89.44329894898289,71.5929813942073,147000000.0,1.0,24500000.0,True,False,0.8004286764405107,80,0,50,44.55,BLUE,"{'financial': 'Allocation is 3x above the state median threshold: ₹171,500,000.00 > ₹147,000,003.00.', 'duplicate': 'No duplicate risk signal detected from name/constituency/state similarity.', 'performance': 'Spending exceeds expected benchmarks moderately: ₹153,395,257.70 vs ₹122,781,963.09.', 'combined': 'Overall risk level BLUE from financial, duplicate, and performance indicators.'}","{'financial': 80, 'duplicate': 0, 'performance': 50}"
226,Jharkhand,KALI CHARAN MUNDA,KHUNTI(ST),147000000.0,11,38.15074972659215,55.16449425213164,147000000.0,1.0,0.0,False,False,1.4459609482767364,20,0,0,14.55,GREEN,"{'financial': 'Allocation is within the expected state range around the median ₹147,000,000.00.', 'duplicate': 'No duplicate risk signal detected from name/constituency/state similarity.', 'performance': 'Spending is aligned with expected completion output: ₹56,081,602.10 vs ₹81,091,806.55.', 'combined': 'Overall risk level GREEN from financial, duplicate, and performance indicators.'}","{'financial': 20, 'duplicate': 0, 'performance': 0}"
227,Jharkhand,KALI CHARAN SINGH,CHATRA,147000000.0,13,47.224478858838,82.16352651920268,147000000.0,1.0,0.0,False,False,1.739850359488422,20,0,0,14.55,GREEN,"{'financial': 'Allocation is within the expected state range around the median ₹147,000,000.00.', 'duplicate': 'No duplicate risk signal detected from name/constituency/state similarity.', 'performance': 'Spending is aligned with expected completion output: ₹69,419,983.92 vs ₹120,780,383.98.', 'combined': 'Overall risk level GREEN from financial, duplicate, and performance indicators.'}","{'financial': 20, 'duplicate': 0, 'performance': 0}"
228,West Bengal,KALIPADA SAREN,JHARGRAM(ST),147000000.0,8,59.11114027325917,64.31288140244664,147000000.0,1.0,0.0,False,False,1.0879993365910527,20,0,0,14.55,GREEN,"{'financial': 'Allocation is within the expected state range around the median ₹147,000,000.00.', 'duplicate': 'No duplicate risk signal detected from name/constituency/state similarity.', 'performance': 'Spending is aligned with expected completion output: ₹86,893,376.20 vs ₹94,539,935.66.', 'combined': 'Overall risk level GREEN from financial, duplicate, and performance indicators.'}","{'financial': 20, 'duplicate': 0, 'performance': 0}"
229,West Bengal,Kalyan Banerjee,SREERAMPUR,147000000.0,14,32.15316049382862,44.38956701462835,147000000.0,1.0,0.0,False,False,1.3805662128657104,20,0,0,14.55,GREEN,"{'financial': 'Allocation is within the expected state range around the median ₹147,000,000.00.', 'duplicate': 'No duplicate risk signal detected from name/constituency/state similarity.', 'performance': 'Spending is aligned with expected completion output: ₹47,265,145.93 vs ₹65,252,663.51.', 'combined': 'Overall risk level GREEN from financial, duplicate, and performance indicators.'}","{'financial': 20, 'duplicate': 0, 'performance': 0}"
230,Maharashtra,KALYAN VAIJINATHRAO KALE,JALNA,147000000.0,7,73.04139299128222,71.98155908683438,147000000.0,1.0,0.0,False,False,0.9854899549276896,20,0,0,14.55,GREEN,"{'financial': 'Allocation is within the expected state range around the median ₹147,000,000.00.', 'duplicate': 'No duplicate risk signal detected from name/constituency/state similarity.', 'performance': 'Spending is aligned with expected completion output: ₹107,370,847.70 vs ₹105,812,891.86.', 'combined': 'Overall risk level GREEN from financial, duplicate, and performance indicators.'}","{'financial': 20, 'duplicate': 0, 'performance': 0}"
231,Assam,KAMAKHYA PRASAD TASA,Kaziranga,147000000.0,11,94.55102607854076,30.646959772762443,147000000.0,1.0,0.0,False,False,0.3241314350973295,20,0,80,36.36,BLUE,"{'financial': 'Allocation is within the expected state range around the median ₹147,000,000.00.', 'duplicate': 'No duplicate risk signal detected from name/constituency/state similarity.', 'performance': 'Spending is materially higher than expected for the completion rate: ₹138,990,008.34 vs ₹45,051,030.87.', 'combined': 'Overall risk level BLUE from financial, duplicate, and performance indicators.'}","{'financial': 20, 'duplicate': 0, 'performance': 80}"
232,Delhi,Kamaljeet Sehrawat,WEST DELHI,147000000.0,10,36.70238860333789,68.01891246280945,147559100.0,424969.0,-1.315625375027355,False,False,1.8532557430505625,20,0,0,14.55,GREEN,"{'financial': 'Allocation is within the expected state range around the median ₹147,559,100.00.', 'duplicate': 'No duplicate risk signal detected from name/constituency/state similarity.', 'performance': 'Spending is aligned with expected completion output: ₹53,952,511.25 vs ₹99,987,801.32.', 'combined': 'Overall risk level GREEN from financial, duplicate, and performance indicators.'}","{'financial': 20, 'duplicate': 0, 'performance': 0}"
233,Chhattisgarh,KAMLESH JANGDE,JANJGIR CHAMPA(SC),150384382.11,14,30.5900828991826,72.96061810820979,150384382.11,3384382.1100000143,0.0,False,False,2.0,20,0,0,14.55,GREEN,"{'financial': 'Allocation is within the expected state range around the median ₹150,384,382.11.', 'duplicate': 'No duplicate risk signal detected from name/constituency/state similarity.', 'performance': 'Spending is aligned with expected completion output: ₹46,002,707.15 vs ₹109,721,374.73.', 'combined': 'Overall risk level GREEN from financial, duplicate, and performance indicators.'}","{'financial': 20, 'duplicate': 0, 'performance': 0}"
234,Uttar Pradesh,Kamlesh Paswan,BANSGAON(SC),147000000.0,8,57.23438966101372,67.49273626306,147000000.0,1.0,0.0,False,False,1.1792339651528414,20,0,0,14.55,GREEN,"{'financial': 'Allocation is within the expected state range around the median ₹147,000,000.00.', 'duplicate': 'No duplicate risk signal detected from name/constituency/state similarity.', 'performance': 'Spending is aligned with expected completion output: ₹84,134,552.80 vs ₹99,214,322.31.', 'combined': 'Overall risk level GREEN from financial, duplicate, and performance indicators.'}","{'financial': 20, 'duplicate': 0, 'performance': 0}"
235,Himachal Pradesh,Kangana Ranaut,MANDI,147000000.0,11,66.07162417980123,87.37512734756761,151567037.11,3281978.555000007,-1.39154995484119,False,False,1.322430444721519,20,0,0,14.55,GREEN,"{'financial': 'Allocation is within the expected state range around the median ₹151,567,037.11.', 'duplicate': 'No duplicate risk signal detected from name/constituency/state similarity.', 'performance': 'Spending is aligned with expected completion output: ₹97,125,287.54 vs ₹128,441,437.20.', 'combined': 'Overall risk level GREEN from financial, duplicate, and performance indicators.'}","{'financial': 20, 'duplicate': 0, 'performance': 0}"
236,Tamil Nadu,Kani K Navas,RAMANATHAPURAM,147000000.0,14,41.216292897520844,59.67328677671492,147000000.0,1.0,0.0,False,False,1.4478081986918396,20,0,0,14.55,GREEN,"{'financial': 'Allocation is within the expected state range around the median ₹147,000,000.00.', 'duplicate': 'No duplicate risk signal detected from name/constituency/state similarity.', 'performance': 'Spending is aligned with expected completion output: ₹60,587,950.56 vs ₹87,719,731.56.', 'combined': 'Overall risk level GREEN from financial, duplicate, and performance indicators.'}","{'financial': 20, 'duplicate': 0, 'performance': 0}"
237,Tamil Nadu,Kanimozhi Karunanidhi,THOOTHUKKUDI,147000000.0,15,64.87564540433246,80.92654159830843,147000000.0,1.0,0.0,False,False,1.2474101967531883,20,0,0,14.55,GREEN,"{'financial': 'Allocation is within the expected state range around the median ₹147,000,000.00.', 'duplicate': 'No duplicate risk signal detected from name/constituency/state similarity.', 'performance': 'Spending is aligned with expected completion output: ₹95,367,198.74 vs ₹118,962,016.15.', 'combined': 'Overall risk level GREEN from financial, duplicate, and performance indicators.'}","{'financial': 20, 'duplicate': 0, 'performance': 0}"
238,Uttar Pradesh,KANWAR SINGH TANWAR,AMROHA,147000000.0,12,87.54017257331596,79.32435986915814,147000000.0,1.0,0.0,False,False,0.9061480864996356,20,0,0,14.55,GREEN,"{'financial': 'Allocation is within the expected state range around the median ₹147,000,000.00.', 'duplicate': 'No duplicate risk signal detected from name/constituency/state similarity.', 'performance': 'Spending is aligned with expected completion output: ₹128,684,053.68 vs ₹116,606,809.01.', 'combined': 'Overall risk level GREEN from financial, duplicate, and performance indicators.'}","{'financial': 20, 'duplicate': 0, 'performance': 0}"
239,Uttar Pradesh,KARAN BHUSHAN SINGH,KAISERGANJ,147000000.0,8,77.52997805183449,20.43416059958524,147000000.0,1.0,0.0,False,False,0.263564638002651,20,0,80,36.36,BLUE,"{'financial': 'Allocation is within the expected state range around the median ₹147,000,000.00.', 'duplicate': 'No duplicate risk signal detected from name/constituency/state similarity.', 'performance': 'Spending is materially higher than expected for the completion rate: ₹113,969,067.74 vs ₹30,038,216.08.', 'combined': 'Overall risk level BLUE from financial, duplicate, and performance indicators.'}","{'financial': 20, 'duplicate': 0, 'performance': 80}"
240,West Bengal,KARTICK CHANDRA PAUL,RAIGANJ,202677986.56,10,76.06930558257058,71.29744663149464,147000000.0,1.0,55677986.56,True,False,0.9372695870623368,80,0,0,30.91,BLUE,"{'financial': 'Allocation is 3x above the state median threshold: ₹202,677,986.56 > ₹147,000,003.00.', 'duplicate': 'No duplicate risk signal detected from name/constituency/state similarity.', 'performance': 'Spending is aligned with expected completion output: ₹154,175,736.94 vs ₹144,504,229.30.', 'combined': 'Overall risk level BLUE from financial, duplicate, and performance indicators.'}","{'financial': 80, 'duplicate': 0, 'performance': 0}"
241,Bihar,Kaushalendra Kumar,NALANDA,147000000.0,12,33.7218534840553,71.97591150229167,147000000.0,1.0,0.0,False,False,2.0,20,0,0,14.55,GREEN,"{'financial': 'Allocation is within the expected state range around the median ₹147,000,000.00.', 'duplicate': 'No duplicate risk signal detected from name/constituency/state similarity.', 'performance': 'Spending is aligned with expected completion output: ₹49,571,124.62 vs ₹105,804,589.91.', 'combined': 'Overall risk level GREEN from financial, duplicate, and performance indicators.'}","{'financial': 20, 'duplicate': 0, 'performance': 0}"
242,West Bengal,Khagen Murmu,MALDAHA UTTAR,147000000.0,9,56.74167433035582,72.4887664615723,147000000.0,1.0,0.0,False,False,1.2775225143963025,20,0,0,14.55,GREEN,"{'financial': 'Allocation is within the expected state range around the median ₹147,000,000.00.', 'duplicate': 'No duplicate risk signal detected from name/constituency/state similarity.', 'performance': 'Spending is aligned with expected completion output: ₹83,410,261.27 vs ₹106,558,486.70.', 'combined': 'Overall risk level GREEN from financial, duplicate, and performance indicators.'}","{'financial': 20, 'duplicate': 0, 'performance': 0}"
243,West Bengal,Khalilur Rahaman,JANGIPUR,147000000.0,9,79.11540616903972,99.78885968903889,147000000.0,1.0,0.0,False,False,1.2613075571631118,20,0,0,14.55,GREEN,"{'financial': 'Allocation is within the expected state range around the median ₹147,000,000.00.', 'duplicate': 'No duplicate risk signal detected from name/constituency/state similarity.', 'performance': 'Spending is aligned with expected completion output: ₹116,299,647.07 vs ₹146,689,623.74.', 'combined': 'Overall risk level GREEN from financial, duplicate, and performance indicators.'}","{'financial': 20, 'duplicate': 0, 'performance': 0}"
244,Andhra Pradesh,Kinjarapu Ram Mohan Naidu,SRIKAKULAM,171200630.11,7,48.5815607297274,91.6277442832205,156430260.11,9430260.110000014,1.566273870254887,False,False,1.8860601204842071,20,0,0,14.55,GREEN,"{'financial': 'Allocation is within the expected state range around the median ₹156,430,260.11.', 'duplicate': 'No duplicate risk signal detected from name/constituency/state similarity.', 'performance': 'Spending is aligned with expected completion output: ₹83,171,938.09 vs ₹156,867,275.57.', 'combined': 'Overall risk level GREEN from financial, duplicate, and performance indicators.'}","{'financial': 20, 'duplicate': 0, 'performance': 0}"
245,Arunachal Pradesh,Kiren Rijiju,ARUNACHAL WEST,147000000.0,7,86.72565087918574,58.55816308720098,147000000.0,1.0,0.0,False,False,0.6752115722806874,20,0,50,28.18,BLUE,"{'financial': 'Allocation is within the expected state range around the median ₹147,000,000.00.', 'duplicate': 'No duplicate risk signal detected from name/constituency/state similarity.', 'performance': 'Spending exceeds expected benchmarks moderately: ₹127,486,706.79 vs ₹86,080,499.74.', 'combined': 'Overall risk level BLUE from financial, duplicate, and performance indicators.'}","{'financial': 20, 'duplicate': 0, 'performance': 50}"
246,Uttar Pradesh,Kirti Vardhan Singh,GONDA,147000000.0,10,30.15183713575509,49.36768690556728,147000000.0,1.0,0.0,False,False,1.6373027846792585,20,0,0,14.55,GREEN,"{'financial': 'Allocation is within the expected state range around the median ₹147,000,000.00.', 'duplicate': 'No duplicate risk signal detected from name/constituency/state similarity.', 'performance': 'Spending is aligned with expected completion output: ₹44,323,200.59 vs ₹72,570,499.75.', 'combined': 'Overall risk level GREEN from financial, duplicate, and performance indicators.'}","{'financial': 20, 'duplicate': 0, 'performance': 0}"
247,Telangana,Kishan Reddy Gangapuram,SECUNDERABAD,147000000.0,11,56.96284085637457,75.41831267051472,147000000.0,1.0,0.0,False,False,1.3239914220688809,20,0,0,14.55,GREEN,"{'financial': 'Allocation is within the expected state range around the median ₹147,000,000.00.', 'duplicate': 'No duplicate risk signal detected from name/constituency/state similarity.', 'performance': 'Spending is aligned with expected completion output: ₹83,735,376.06 vs ₹110,864,919.63.', 'combined': 'Overall risk level GREEN from financial, duplicate, and performance indicators.'}","{'financial': 20, 'duplicate': 0, 'performance': 0}"
248,Uttar Pradesh,KISHORI LAL,AMETHI,171500000.0,11,61.957316720865975,99.15544554658922,147000000.0,1.0,24500000.0,True,False,1.600383147535433,80,0,0,30.91,BLUE,"{'financial': 'Allocation is 3x above the state median threshold: ₹171,500,000.00 > ₹147,000,003.00.', 'duplicate': 'No duplicate risk signal detected from name/constituency/state similarity.', 'performance': 'Spending is aligned with expected completion output: ₹106,256,798.18 vs ₹170,051,589.11.', 'combined': 'Overall risk level BLUE from financial, duplicate, and performance indicators.'}","{'financial': 80, 'duplicate': 0, 'performance': 0}"
249,Telangana,KONDA VISHWESHWAR REDDY,CHELVELLA,233721420.96,9,70.91117577176436,40.419533303152456,147000000.0,1.0,86721420.96000001,True,False,0.5700023002473869,80,0,80,52.73,YELLOW,"{'financial': 'Allocation is 3x above the state median threshold: ₹233,721,420.96 > ₹147,000,003.00.', 'duplicate': 'No duplicate risk signal detected from name/constituency/state similarity.', 'performance': 'Spending is materially higher than expected for the completion rate: ₹165,734,607.63 vs ₹94,469,107.58.', 'combined': 'Overall risk level YELLOW from financial, duplicate, and performance indicators.'}","{'financial': 80, 'duplicate': 0, 'performance': 80}"
250,Karnataka,KOTA SRINIVAS POOJARY,UDUPI CHIKMAGALUR,147000000.0,11,42.67485387537351,22.929093854541875,147000000.0,1.0,0.0,False,False,0.53729753642516,20,0,50,28.18,BLUE,"{'financial': 'Allocation is within the expected state range around the median ₹147,000,000.00.', 'duplicate': 'No duplicate risk signal detected from name/constituency/state similarity.', 'performance': 'Spending exceeds expected benchmarks moderately: ₹62,732,035.20 vs ₹33,705,767.97.', 'combined': 'Overall risk level BLUE from financial, duplicate, and performance indicators.'}","{'financial': 20, 'duplicate': 0, 'performance': 50}"
251,Assam,Kripanath Mallah,KARIMGANJ (SC),147000000.0,13,79.5169867122126,80.82069718590303,147000000.0,1.0,0.0,False,False,1.0163953706949285,20,0,0,14.55,GREEN,"{'financial': 'Allocation is within the expected state range around the median ₹147,000,000.00.', 'duplicate': 'No duplicate risk signal detected from name/constituency/state similarity.', 'performance': 'Spending is aligned with expected completion output: ₹116,889,970.47 vs ₹118,806,424.86.', 'combined': 'Overall risk level GREEN from financial, duplicate, and performance indicators.'}","{'financial': 20, 'duplicate': 0, 'performance': 0}"
252,Haryana,Krishan Pal Gurjar,FARIDABAD,147000000.0,6,75.68952960656296,72.97843434222868,147000000.0,1.0,0.0,False,False,0.964181369887927,20,0,0,14.55,GREEN,"{'financial': 'Allocation is within the expected state range around the median ₹147,000,000.00.', 'duplicate': 'No duplicate risk signal detected from name/constituency/state similarity.', 'performance': 'Spending is aligned with expected completion output: ₹111,263,608.52 vs ₹107,278,298.48.', 'combined': 'Overall risk level GREEN from financial, duplicate, and performance indicators.'}","{'financial': 20, 'duplicate': 0, 'performance': 0}"
253,Uttar Pradesh,KRISHNA DEVI SHIVSHANKER PATEL,BANDA,147000000.0,7,74.5933402008322,56.65393404930896,147000000.0,1.0,0.0,False,False,0.7595039167943963,20,0,50,28.18,BLUE,"{'financial': 'Allocation is within the expected state range around the median ₹147,000,000.00.', 'duplicate': 'No duplicate risk signal detected from name/constituency/state similarity.', 'performance': 'Spending exceeds expected benchmarks moderately: ₹109,652,210.10 vs ₹83,281,283.05.', 'combined': 'Overall risk level BLUE from financial, duplicate, and performance indicators.'}","{'financial': 20, 'duplicate': 0, 'performance': 50}"
254,Andhra Pradesh,Krishna Prasad Tenneti,BAPATLA,167796849.11,13,93.34629308322552,46.04033592161811,156430260.11,9430260.110000014,1.205331440216232,False,False,0.4932208275326964,20,0,80,36.36,BLUE,"{'financial': 'Allocation is within the expected state range around the median ₹156,430,260.11.', 'duplicate': 'No duplicate risk signal detected from name/constituency/state similarity.', 'performance': 'Spending is materially higher than expected for the completion rate: ₹156,632,138.55 vs ₹77,254,233.00.', 'combined': 'Overall risk level BLUE from financial, duplicate, and performance indicators.'}","{'financial': 20, 'duplicate': 0, 'performance': 80}"
255,Tripura,KRITI DEVI DEBBARMAN,TRIPURA EAST(ST),147000000.0,8,61.59295424547377,46.83072547142218,147000000.0,1.0,0.0,False,False,0.7603260152903543,20,0,0,14.55,GREEN,"{'financial': 'Allocation is within the expected state range around the median ₹147,000,000.00.', 'duplicate': 'No duplicate risk signal detected from name/constituency/state similarity.', 'performance': 'Spending is aligned with expected completion output: ₹90,541,642.74 vs ₹68,841,166.44.', 'combined': 'Overall risk level GREEN from financial, duplicate, and performance indicators.'}","{'financial': 20, 'duplicate': 0, 'performance': 0}"
256,Rajasthan,KULDEEP INDORA,GANGANAGAR(SC),147000000.0,11,41.73034122553643,42.65947421571549,147000000.0,1.0,0.0,False,False,1.0222651663727709,20,0,0,14.55,GREEN,"{'financial': 'Allocation is within the expected state range around the median ₹147,000,000.00.', 'duplicate': 'No duplicate risk signal detected from name/constituency/state similarity.', 'performance': 'Spending is aligned with expected completion output: ₹61,343,601.60 vs ₹62,709,427.10.', 'combined': 'Overall risk level GREEN from financial, duplicate, and performance indicators.'}","{'financial': 20, 'duplicate': 0, 'performance': 0}"
257,Telangana,KUNDURU RAGHUVEER,NALGONDA,162952022.0,6,46.32714932408401,39.62388698710341,147000000.0,1.0,15952022.0,True,False,0.8553059613038656,80,0,0,30.91,BLUE,"{'financial': 'Allocation is 3x above the state median threshold: ₹162,952,022.00 > ₹147,000,003.00.', 'duplicate': 'No duplicate risk signal detected from name/constituency/state similarity.', 'performance': 'Spending is aligned with expected completion output: ₹75,491,026.56 vs ₹64,567,925.04.', 'combined': 'Overall risk level BLUE from financial, duplicate, and performance indicators.'}","{'financial': 80, 'duplicate': 0, 'performance': 0}"
258,Uttar Pradesh,LALJI VERMA,AMBEDKAR NAGAR,147000000.0,5,48.406029448005455,39.56528025893165,147000000.0,1.0,0.0,False,False,0.8173626449041859,20,0,0,14.55,GREEN,"{'financial': 'Allocation is within the expected state range around the median ₹147,000,000.00.', 'duplicate': 'No duplicate risk signal detected from name/constituency/state similarity.', 'performance': 'Spending is aligned with expected completion output: ₹71,156,863.29 vs ₹58,160,961.98.', 'combined': 'Overall risk level GREEN from financial, duplicate, and performance indicators.'}","{'financial': 20, 'duplicate': 0, 'performance': 0}"
259,Andhra Pradesh,Lavu Sri Krishna Devarayalu,NARASARAOPET,174009663.11,5,32.54722549304262,81.180649338278,156430260.11,9430260.110000014,1.8641482626082064,False,False,2.0,20,0,0,14.55,GREEN,"{'financial': 'Allocation is within the expected state range around the median ₹156,430,260.11.', 'duplicate': 'No duplicate risk signal detected from name/constituency/state similarity.', 'performance': 'Spending is aligned with expected completion output: ₹56,635,317.43 vs ₹141,262,174.42.', 'combined': 'Overall risk level GREEN from financial, duplicate, and performance indicators.'}","{'financial': 20, 'duplicate': 0, 'performance': 0}"
260,Uttar Pradesh,LAXMIKANT PAPPU NISHAD,SANT KABIR NAGAR,147000000.0,15,81.32232957935551,47.19606481682911,147000000.0,1.0,0.0,False,False,0.5803580032809378,20,0,80,36.36,BLUE,"{'financial': 'Allocation is within the expected state range around the median ₹147,000,000.00.', 'duplicate': 'No duplicate risk signal detected from name/constituency/state similarity.', 'performance': 'Spending is materially higher than expected for the completion rate: ₹119,543,824.48 vs ₹69,378,215.28.', 'combined': 'Overall risk level BLUE from financial, duplicate, and performance indicators.'}","{'financial': 20, 'duplicate': 0, 'performance': 80}"
261,Bihar,LOVELY ANAND,SHEOHAR,147000000.0,6,90.61865049359224,25.793086096510542,147000000.0,1.0,0.0,False,False,0.2846333062346189,20,0,80,36.36,BLUE,"{'financial': 'Allocation is within the expected state range around the median ₹147,000,000.00.', 'duplicate': 'No duplicate risk signal detected from name/constituency/state similarity.', 'performance': 'Spending is materially higher than expected for the completion rate: ₹133,209,416.23 vs ₹37,915,836.56.', 'combined': 'Overall risk level BLUE from financial, duplicate, and performance indicators.'}","{'financial': 20, 'duplicate': 0, 'performance': 80}"
262,Rajasthan,LUMBARAM,JALORE,147000000.0,14,45.39576779380121,44.23473887283346,147000000.0,1.0,0.0,False,False,0.9744242915718172,20,0,0,14.55,GREEN,"{'financial': 'Allocation is within the expected state range around the median ₹147,000,000.00.', 'duplicate': 'No duplicate risk signal detected from name/constituency/state similarity.', 'performance': 'Spending is aligned with expected completion output: ₹66,731,778.66 vs ₹65,025,066.14.', 'combined': 'Overall risk level GREEN from financial, duplicate, and performance indicators.'}","{'financial': 20, 'duplicate': 0, 'performance': 0}"
263,Karnataka,M. MALLESH BABU,KOLAR(SC),147065957.11,11,47.33075351729157,76.89122322117379,147000000.0,1.0,65957.1100000143,True,False,1.624551005575746,80,0,0,30.91,BLUE,"{'financial': 'Allocation is 3x above the state median threshold: ₹147,065,957.11 > ₹147,000,003.00.', 'duplicate': 'No duplicate risk signal detected from name/constituency/state similarity.', 'performance': 'Spending is aligned with expected completion output: ₹69,607,425.67 vs ₹113,080,813.36.', 'combined': 'Overall risk level BLUE from financial, duplicate, and performance indicators.'}","{'financial': 80, 'duplicate': 0, 'performance': 0}"
264,Tamil Nadu,M.K. VISHNUPRASAD,CUDDALORE,147000000.0,12,91.82725252763834,89.33274576808043,147000000.0,1.0,0.0,False,False,0.9728347882475618,20,0,0,14.55,GREEN,"{'financial': 'Allocation is within the expected state range around the median ₹147,000,000.00.', 'duplicate': 'No duplicate risk signal detected from name/constituency/state similarity.', 'performance': 'Spending is aligned with expected completion output: ₹134,986,061.22 vs ₹131,319,136.28.', 'combined': 'Overall risk level GREEN from financial, duplicate, and performance indicators.'}","{'financial': 20, 'duplicate': 0, 'performance': 0}"
265,Andhra Pradesh,Maddila Gurumoorthy,TIRUPATI(SC),180399007.0,15,74.93938000870352,75.88790564338798,156430260.11,9430260.110000014,2.541684599408144,True,False,1.0126572388852737,50,0,0,22.73,GREEN,"{'financial': 'Allocation exceeds the state median by more than 2*MAD: ₹180,399,007.00 > ₹175,290,780.33.', 'duplicate': 'No duplicate risk signal detected from name/constituency/state similarity.', 'performance': 'Spending is aligned with expected completion output: ₹135,189,897.39 vs ₹136,901,028.21.', 'combined': 'Overall risk level GREEN from financial, duplicate, and performance indicators.'}","{'financial': 50, 'duplicate': 0, 'performance': 0}"
266,Telangana,MADHAVANENI RAGHUNANDAN RAO,MEDAK,147000000.0,11,68.33733763467326,45.69938750868865,147000000.0,1.0,0.0,False,False,0.6687323371155378,20,0,50,28.18,BLUE,"{'financial': 'Allocation is within the expected state range around the median ₹147,000,000.00.', 'duplicate': 'No duplicate risk signal detected from name/constituency/state similarity.', 'performance': 'Spending exceeds expected benchmarks moderately: ₹100,455,886.32 vs ₹67,178,099.64.', 'combined': 'Overall risk level BLUE from financial, duplicate, and performance indicators.'}","{'financial': 20, 'duplicate': 0, 'performance': 50}"
267,Andhra Pradesh,Magunta Sreenivasulu Reddy,ONGOLE,147000000.0,6,71.22410224893827,36.48208815580098,156430260.11,9430260.110000014,-1.0,False,False,0.5122154861045625,20,0,80,36.36,BLUE,"{'financial': 'Allocation is within the expected state range around the median ₹156,430,260.11.', 'duplicate': 'No duplicate risk signal detected from name/constituency/state similarity.', 'performance': 'Spending is materially higher than expected for the completion rate: ₹104,699,430.31 vs ₹53,628,669.59.', 'combined': 'Overall risk level BLUE from financial, duplicate, and performance indicators.'}","{'financial': 20, 'duplicate': 0, 'performance': 80}"
268,Madhya Pradesh,Mahendra Singh Solanky,DEWAS(SC),147000000.0,7,40.55914382831375,88.06127419672887,147000000.0,1.0,0.0,False,False,2.0,20,0,0,14.55,GREEN,"{'financial': 'Allocation is within the expected state range around the median ₹147,000,000.00.', 'duplicate': 'No duplicate risk signal detected from name/constituency/state similarity.', 'performance': 'Spending is aligned with expected completion output: ₹59,621,941.43 vs ₹129,450,073.07.', 'combined': 'Overall risk level GREEN from financial, duplicate, and performance indicators.'}","{'financial': 20, 'duplicate': 0, 'performance': 0}"
269,Chhattisgarh,MAHESH KASHYAP,BASTAR(ST),147000000.0,5,36.78470259954638,94.77483160946244,150384382.11,3384382.1100000143,-1.0,False,False,2.0,20,0,0,14.55,GREEN,"{'financial': 'Allocation is within the expected state range around the median ₹150,384,382.11.', 'duplicate': 'No duplicate risk signal detected from name/constituency/state similarity.', 'performance': 'Spending is aligned with expected completion output: ₹54,073,512.82 vs ₹139,319,002.47.', 'combined': 'Overall risk level GREEN from financial, duplicate, and performance indicators.'}","{'financial': 20, 'duplicate': 0, 'performance': 0}"
270,Uttar Pradesh,Mahesh Sharma,GAUTAM BUDDHA NAGAR,148816284.11,13,90.01969007124579,60.42837691923446,147000000.0,1.0,1816284.1100000143,True,False,0.6712795486344001,80,0,50,44.55,BLUE,"{'financial': 'Allocation is 3x above the state median threshold: ₹148,816,284.11 > ₹147,000,003.00.', 'duplicate': 'No duplicate risk signal detected from name/constituency/state similarity.', 'performance': 'Spending exceeds expected benchmarks moderately: ₹133,963,957.73 vs ₹89,927,265.08.', 'combined': 'Overall risk level BLUE from financial, duplicate, and performance indicators.'}","{'financial': 80, 'duplicate': 0, 'performance': 50}"
271,Rajasthan,MAHIMA KUMARI MEWAR,RAJSAMAND,183892143.0,14,47.17070083687995,22.62424660449802,147000000.0,1.0,36892143.0,True,False,0.4796249833712344,80,0,50,44.55,BLUE,"{'financial': 'Allocation is 3x above the state median threshold: ₹183,892,143.00 > ₹147,000,003.00.', 'duplicate': 'No duplicate risk signal detected from name/constituency/state similarity.', 'performance': 'Spending exceeds expected benchmarks moderately: ₹86,743,212.64 vs ₹41,604,211.92.', 'combined': 'Overall risk level BLUE from financial, duplicate, and performance indicators.'}","{'financial': 80, 'duplicate': 0, 'performance': 50}"
272,Uttarakhand,Mala Rajya Laxmi Shah,TEHRI GARHWAL,147000000.0,5,34.72049964320354,81.73072272887046,147000000.0,1.0,0.0,False,False,2.0,20,0,0,14.55,GREEN,"{'financial': 'Allocation is within the expected state range around the median ₹147,000,000.00.', 'duplicate': 'No duplicate risk signal detected from name/constituency/state similarity.', 'performance': 'Spending is aligned with expected completion output: ₹51,039,134.48 vs ₹120,144,162.41.', 'combined': 'Overall risk level GREEN from financial, duplicate, and performance indicators.'}","{'financial': 20, 'duplicate': 0, 'performance': 0}"
273,West Bengal,Mala Roy,KOLKATA DAKSHIN,147000000.0,15,90.5164477481556,72.63736283155734,147000000.0,1.0,0.0,False,False,0.8024769490916907,20,0,50,28.18,BLUE,"{'financial': 'Allocation is within the expected state range around the median ₹147,000,000.00.', 'duplicate': 'No duplicate risk signal detected from name/constituency/state similarity.', 'performance': 'Spending exceeds expected benchmarks moderately: ₹133,059,178.19 vs ₹106,776,923.36.', 'combined': 'Overall risk level BLUE from financial, duplicate, and performance indicators.'}","{'financial': 20, 'duplicate': 0, 'performance': 50}"
274,Tamil Nadu,MALAIYARASAN D,KALLAKURICHI,201599593.0,8,91.9427161050487,63.35209894171248,147000000.0,1.0,54599593.0,True,False,0.6890388018266705,80,0,50,44.55,BLUE,"{'financial': 'Allocation is 3x above the state median threshold: ₹201,599,593.00 > ₹147,000,003.00.', 'duplicate': 'No duplicate risk signal detected from name/constituency/state similarity.', 'performance': 'Spending exceeds expected benchmarks moderately: ₹185,356,141.46 vs ₹127,717,573.62.', 'combined': 'Overall risk level BLUE from financial, duplicate, and performance indicators.'}","{'financial': 80, 'duplicate': 0, 'performance': 50}"
275,Odisha,MALVIKA DEVI,KALAHANDI,147000000.0,5,52.979391684282376,36.98992135699108,147000000.0,1.0,0.0,False,False,0.6981945277405864,20,0,50,28.18,BLUE,"{'financial': 'Allocation is within the expected state range around the median ₹147,000,000.00.', 'duplicate': 'No duplicate risk signal detected from name/constituency/state similarity.', 'performance': 'Spending exceeds expected benchmarks moderately: ₹77,879,705.78 vs ₹54,375,184.39.', 'combined': 'Overall risk level BLUE from financial, duplicate, and performance indicators.'}","{'financial': 20, 'duplicate': 0, 'performance': 50}"
276,Punjab,MALVINDER SINGH KANG,ANANDPUR SAHIB,147000000.0,14,51.93241810967095,98.15097960893328,147000000.0,1.0,0.0,False,False,1.8899751481176528,20,0,0,14.55,GREEN,"{'financial': 'Allocation is within the expected state range around the median ₹147,000,000.00.', 'duplicate': 'No duplicate risk signal detected from name/constituency/state similarity.', 'performance': 'Spending is aligned with expected completion output: ₹76,340,654.62 vs ₹144,281,940.03.', 'combined': 'Overall risk level GREEN from financial, duplicate, and performance indicators.'}","{'financial': 20, 'duplicate': 0, 'performance': 0}"
277,Tamil Nadu,MANI. A.,DHARAMAPURI,164515071.11,15,59.35403969770419,84.14262267585728,147000000.0,1.0,17515071.110000014,True,False,1.41763935705815,80,0,0,30.91,BLUE,"{'financial': 'Allocation is 3x above the state median threshold: ₹164,515,071.11 > ₹147,000,003.00.', 'duplicate': 'No duplicate risk signal detected from name/constituency/state similarity.', 'performance': 'Spending is aligned with expected completion output: ₹97,646,340.62 vs ₹138,427,295.53.', 'combined': 'Overall risk level BLUE from financial, duplicate, and performance indicators.'}","{'financial': 80, 'duplicate': 0, 'performance': 0}"
278,Tamil Nadu,Manickam Tagore B,VIRUDHUNAGAR,147000000.0,14,88.87383489839748,74.41927524902816,147000000.0,1.0,0.0,False,False,0.8373586594311578,20,0,0,14.55,GREEN,"{'financial': 'Allocation is within the expected state range around the median ₹147,000,000.00.', 'duplicate': 'No duplicate risk signal detected from name/constituency/state similarity.', 'performance': 'Spending is aligned with expected completion output: ₹130,644,537.30 vs ₹109,396,334.62.', 'combined': 'Overall risk level GREEN from financial, duplicate, and performance indicators.'}","{'financial': 20, 'duplicate': 0, 'performance': 0}"
279,Jharkhand,MANISH JAISWAL,HAZARIBAGH,147000000.0,13,32.65785007641048,34.700713419675594,147000000.0,1.0,0.0,False,False,1.0625535158770516,20,0,0,14.55,GREEN,"{'financial': 'Allocation is within the expected state range around the median ₹147,000,000.00.', 'duplicate': 'No duplicate risk signal detected from name/constituency/state similarity.', 'performance': 'Spending is aligned with expected completion output: ₹48,007,039.61 vs ₹51,010,048.73.', 'combined': 'Overall risk level GREEN from financial, duplicate, and performance indicators.'}","{'financial': 20, 'duplicate': 0, 'performance': 0}"
280,Chandigarh,MANISH TEWARI,CHANDIGARH,178351443.75,11,76.58668174662701,60.043223066712414,178351443.75,1.0,0.0,False,False,0.7839903975126433,20,0,50,28.18,BLUE,"{'financial': 'Allocation is within the expected state range around the median ₹178,351,443.75.', 'duplicate': 'No duplicate risk signal detected from name/constituency/state similarity.', 'performance': 'Spending exceeds expected benchmarks moderately: ₹136,593,452.62 vs ₹107,087,955.21.', 'combined': 'Overall risk level BLUE from financial, duplicate, and performance indicators.'}","{'financial': 20, 'duplicate': 0, 'performance': 50}"
281,Rajasthan,MANJU SHARMA,JAIPUR,167082901.11,9,79.78472406764988,42.31948815403699,147000000.0,1.0,20082901.11000001,True,False,0.5304209376992277,80,0,80,52.73,YELLOW,"{'financial': 'Allocation is 3x above the state median threshold: ₹167,082,901.11 > ₹147,000,003.00.', 'duplicate': 'No duplicate risk signal detected from name/constituency/state similarity.', 'performance': 'Spending is materially higher than expected for the completion rate: ₹133,306,631.61 vs ₹70,708,628.54.', 'combined': 'Overall risk level YELLOW from financial, duplicate, and performance indicators.'}","{'financial': 80, 'duplicate': 0, 'performance': 80}"
282,Rajasthan,MANNA LAL RAWAT,UDAIPUR(ST),147000000.0,14,31.471129060435324,35.457556570517866,147000000.0,1.0,0.0,False,False,1.1266693515325503,20,0,0,14.55,GREEN,"{'financial': 'Allocation is within the expected state range around the median ₹147,000,000.00.', 'duplicate': 'No duplicate risk signal detected from name/constituency/state similarity.', 'performance': 'Spending is aligned with expected completion output: ₹46,262,559.72 vs ₹52,122,608.16.', 'combined': 'Overall risk level GREEN from financial, duplicate, and performance indicators.'}","{'financial': 20, 'duplicate': 0, 'performance': 0}"
283,Haryana,MANOHAR LAL,KARNAL,147000000.0,5,44.98832070852082,95.64066252792168,147000000.0,1.0,0.0,False,False,2.0,20,0,0,14.55,GREEN,"{'financial': 'Allocation is within the expected state range around the median ₹147,000,000.00.', 'duplicate': 'No duplicate risk signal detected from name/constituency/state similarity.', 'performance': 'Spending is aligned with expected completion output: ₹66,132,831.44 vs ₹140,591,773.92.', 'combined': 'Overall risk level GREEN from financial, duplicate, and performance indicators.'}","{'financial': 20, 'duplicate': 0, 'performance': 0}"
284,Bihar,MANOJ KUMAR,SASARAM(SC),147000000.0,13,31.716042984104977,32.211303605160495,147000000.0,1.0,0.0,False,False,1.0156154606456969,20,0,0,14.55,GREEN,"{'financial': 'Allocation is within the expected state range around the median ₹147,000,000.00.', 'duplicate': 'No duplicate risk signal detected from name/constituency/state similarity.', 'performance': 'Spending is aligned with expected completion output: ₹46,622,583.19 vs ₹47,350,616.30.', 'combined': 'Overall risk level GREEN from financial, duplicate, and performance indicators.'}","{'financial': 20, 'duplicate': 0, 'performance': 0}"
285,West Bengal,MANOJ TIGGA,ALIPURDUARS(ST),147000000.0,8,33.62058789065721,38.84454658777865,147000000.0,1.0,0.0,False,False,1.1553797546346034,20,0,0,14.55,GREEN,"{'financial': 'Allocation is within the expected state range around the median ₹147,000,000.00.', 'duplicate': 'No duplicate risk signal detected from name/constituency/state similarity.', 'performance': 'Spending is aligned with expected completion output: ₹49,422,264.20 vs ₹57,101,483.48.', 'combined': 'Overall risk level GREEN from financial, duplicate, and performance indicators.'}","{'financial': 20, 'duplicate': 0, 'performance': 0}"
286,Delhi,Manoj Tiwari,NORTH EAST DELHI,225843858.0,6,94.31442145166876,99.38444640454864,147559100.0,424969.0,184.21286729149656,True,False,1.053756624648098,80,0,0,30.91,BLUE,"{'financial': 'Allocation is 3x above the state median threshold: ₹225,843,858.00 > ₹148,834,007.00.', 'duplicate': 'No duplicate risk signal detected from name/constituency/state similarity.', 'performance': 'Spending is aligned with expected completion output: ₹213,003,328.06 vs ₹224,453,668.01.', 'combined': 'Overall risk level BLUE from financial, duplicate, and performance indicators.'}","{'financial': 80, 'duplicate': 0, 'performance': 0}"
287,Gujarat,Mansukhbhai Dhanjibhai Vasava,BHARUCH,147000000.0,11,72.51277732353849,62.25231070496311,147000000.0,1.0,0.0,False,False,0.8585012600910996,20,0,0,14.55,GREEN,"{'financial': 'Allocation is within the expected state range around the median ₹147,000,000.00.', 'duplicate': 'No duplicate risk signal detected from name/constituency/state similarity.', 'performance': 'Spending is aligned with expected completion output: ₹106,593,782.67 vs ₹91,510,896.74.', 'combined': 'Overall risk level GREEN from financial, duplicate, and performance indicators.'}","{'financial': 20, 'duplicate': 0, 'performance': 0}"
288,Jammu And Kashmir,MIAN ALTAF AHMAD,ANANTNAG,147000000.0,13,36.52254705838513,43.73094914322397,147000000.0,1.0,0.0,False,False,1.197368548072933,20,0,0,14.55,GREEN,"{'financial': 'Allocation is within the expected state range around the median ₹147,000,000.00.', 'duplicate': 'No duplicate risk signal detected from name/constituency/state similarity.', 'performance': 'Spending is aligned with expected completion output: ₹53,688,144.18 vs ₹64,284,495.24.', 'combined': 'Overall risk level GREEN from financial, duplicate, and performance indicators.'}","{'financial': 20, 'duplicate': 0, 'performance': 0}"
289,Andhra Pradesh,Midhun Reddy,RAJAMPET,178951477.11,9,86.08771286541135,62.55036664610412,156430260.11,9430260.110000014,2.388186193943697,True,False,0.7265887844400598,50,0,50,36.36,BLUE,"{'financial': 'Allocation exceeds the state median by more than 2*MAD: ₹178,951,477.11 > ₹175,290,780.33.', 'duplicate': 'No duplicate risk signal detected from name/constituency/state similarity.', 'performance': 'Spending exceeds expected benchmarks moderately: ₹154,055,233.78 vs ₹111,934,805.05.', 'combined': 'Overall risk level BLUE from financial, duplicate, and performance indicators.'}","{'financial': 50, 'duplicate': 0, 'performance': 50}"
290,Bihar,MISHA BHARTI,PATALIPUTRA,147000000.0,14,77.24666073297026,97.83151856962051,147000000.0,1.0,0.0,False,False,1.2664821707673417,20,0,0,14.55,GREEN,"{'financial': 'Allocation is within the expected state range around the median ₹147,000,000.00.', 'duplicate': 'No duplicate risk signal detected from name/constituency/state similarity.', 'performance': 'Spending is aligned with expected completion output: ₹113,552,591.28 vs ₹143,812,332.30.', 'combined': 'Overall risk level GREEN from financial, duplicate, and performance indicators.'}","{'financial': 20, 'duplicate': 0, 'performance': 0}"
291,Gujarat,Mitesh Rameshbhai Bakabhai Patel,ANAND,147000000.0,10,89.03328775223112,25.419783248037568,147000000.0,1.0,0.0,False,False,0.285508756216863,20,0,80,36.36,BLUE,"{'financial': 'Allocation is within the expected state range around the median ₹147,000,000.00.', 'duplicate': 'No duplicate risk signal detected from name/constituency/state similarity.', 'performance': 'Spending is materially higher than expected for the completion rate: ₹130,878,933.00 vs ₹37,367,081.37.', 'combined': 'Overall risk level BLUE from financial, duplicate, and performance indicators.'}","{'financial': 20, 'duplicate': 0, 'performance': 80}"
292,Ladakh,Mohamed Haneefa,LADAKH,161114542.0,8,60.70831820169428,40.71259117437713,161114542.0,1.0,0.0,False,False,0.67062624003379,20,0,50,28.18,BLUE,"{'financial': 'Allocation is within the expected state range around the median ₹161,114,542.00.', 'duplicate': 'No duplicate risk signal detected from name/constituency/state similarity.', 'performance': 'Spending exceeds expected benchmarks moderately: ₹97,809,928.83 vs ₹65,593,904.81.', 'combined': 'Overall risk level BLUE from financial, duplicate, and performance indicators.'}","{'financial': 20, 'duplicate': 0, 'performance': 50}"
293,Uttar Pradesh,MOHIBBULLAH,RAMPUR,147000000.0,5,37.47442539126632,64.46794899135853,147000000.0,1.0,0.0,False,False,1.720318545735013,20,0,0,14.55,GREEN,"{'financial': 'Allocation is within the expected state range around the median ₹147,000,000.00.', 'duplicate': 'No duplicate risk signal detected from name/constituency/state similarity.', 'performance': 'Spending is aligned with expected completion output: ₹55,087,405.33 vs ₹94,767,885.02.', 'combined': 'Overall risk level GREEN from financial, duplicate, and performance indicators.'}","{'financial': 20, 'duplicate': 0, 'performance': 0}"
294,Maharashtra,MOHITE PATIL DHAIRYASHEEL RAJSINH,MADHA,195613601.7,14,45.56656036109668,72.35874972532403,147000000.0,1.0,48613601.69999999,True,False,1.5879791924584614,80,0,0,30.91,BLUE,"{'financial': 'Allocation is 3x above the state median threshold: ₹195,613,601.70 > ₹147,000,003.00.', 'duplicate': 'No duplicate risk signal detected from name/constituency/state similarity.', 'performance': 'Spending is aligned with expected completion output: ₹89,134,389.89 vs ₹141,543,556.48.', 'combined': 'Overall risk level BLUE from financial, duplicate, and performance indicators.'}","{'financial': 80, 'duplicate': 0, 'performance': 0}"
295,Bihar,Mr Gopal Jee Thakur,DARBHANGA,147000000.0,8,65.24233978514683,21.982754428261853,147000000.0,1.0,0.0,False,False,0.3369400070667986,20,0,80,36.36,BLUE,"{'financial': 'Allocation is within the expected state range around the median ₹147,000,000.00.', 'duplicate': 'No duplicate risk signal detected from name/constituency/state similarity.', 'performance': 'Spending is materially higher than expected for the completion rate: ₹95,906,239.48 vs ₹32,314,649.01.', 'combined': 'Overall risk level BLUE from financial, duplicate, and performance indicators.'}","{'financial': 20, 'duplicate': 0, 'performance': 80}"
296,West Bengal,Ms Mahua Moitra,KRISHNANAGAR,159865046.0,5,45.58463134058573,77.42156354547208,147000000.0,1.0,12865046.0,True,False,1.6984137256045049,80,0,0,30.91,BLUE,"{'financial': 'Allocation is 3x above the state median threshold: ₹159,865,046.00 > ₹147,000,003.00.', 'duplicate': 'No duplicate risk signal detected from name/constituency/state similarity.', 'performance': 'Spending is aligned with expected completion output: ₹72,873,891.86 vs ₹123,770,018.18.', 'combined': 'Overall risk level BLUE from financial, duplicate, and performance indicators.'}","{'financial': 80, 'duplicate': 0, 'performance': 0}"
297,Lakshadweep,MUHAMMED HAMDULLAH SAYEED,LAKSHADWEEP(ST),153942460.41,11,47.32785028812224,82.79614022470494,153942460.41,1.0,0.0,False,False,1.7494168807722943,20,0,0,14.55,GREEN,"{'financial': 'Allocation is within the expected state range around the median ₹153,942,460.41.', 'duplicate': 'No duplicate risk signal detected from name/constituency/state similarity.', 'performance': 'Spending is aligned with expected completion output: ₹72,857,657.19 vs ₹127,458,415.39.', 'combined': 'Overall risk level GREEN from financial, duplicate, and performance indicators.'}","{'financial': 20, 'duplicate': 0, 'performance': 0}"
298,Uttar Pradesh,Mukesh Rajput,FARRUKHABAD,147000000.0,10,31.27739621562691,65.80784715781408,147000000.0,1.0,0.0,False,False,2.0,20,0,0,14.55,GREEN,"{'financial': 'Allocation is within the expected state range around the median ₹147,000,000.00.', 'duplicate': 'No duplicate risk signal detected from name/constituency/state similarity.', 'performance': 'Spending is aligned with expected completion output: ₹45,977,772.44 vs ₹96,737,535.32.', 'combined': 'Overall risk level GREEN from financial, duplicate, and performance indicators.'}","{'financial': 20, 'duplicate': 0, 'performance': 0}"
299,Gujarat,MUKESHKUMAR CHANDRAKAANT DALAL,SURAT,147000000.0,7,43.672360194489706,76.77914075586304,147000000.0,1.0,0.0,False,False,1.7580717051685824,20,0,0,14.55,GREEN,"{'financial': 'Allocation is within the expected state range around the median ₹147,000,000.00.', 'duplicate': 'No duplicate risk signal detected from name/constituency/state similarity.', 'performance': 'Spending is aligned with expected completion output: ₹64,198,369.49 vs ₹112,865,336.91.', 'combined': 'Overall risk level GREEN from financial, duplicate, and performance indicators.'}","{'financial': 20, 'duplicate': 0, 'performance': 0}"
300,Rajasthan,MURARI LAL MEENA,DAUSA(ST),147000000.0,10,33.78513461456572,98.60700800652832,147000000.0,1.0,0.0,False,False,2.0,20,0,0,14.55,GREEN,"{'financial': 'Allocation is within the expected state range around the median ₹147,000,000.00.', 'duplicate': 'No duplicate risk signal detected from name/constituency/state similarity.', 'performance': 'Spending is aligned with expected completion output: ₹49,664,147.88 vs ₹144,952,301.77.', 'combined': 'Overall risk level GREEN from financial, duplicate, and performance indicators.'}","{'financial': 20, 'duplicate': 0, 'performance': 0}"
301,Tamil Nadu,MURASOLI S,THANJAVUR,147000000.0,10,32.69512068853705,25.26461431095264,147000000.0,1.0,0.0,False,False,0.7727334776228686,20,0,0,14.55,GREEN,"{'financial': 'Allocation is within the expected state range around the median ₹147,000,000.00.', 'duplicate': 'No duplicate risk signal detected from name/constituency/state similarity.', 'performance': 'Spending is aligned with expected completion output: ₹48,061,827.41 vs ₹37,138,983.04.', 'combined': 'Overall risk level GREEN from financial, duplicate, and performance indicators.'}","{'financial': 20, 'duplicate': 0, 'performance': 0}"
302,Maharashtra,MURLIDHAR MOHOL,PUNE,147000000.0,12,34.175808605905054,79.25770071942495,147000000.0,1.0,0.0,False,False,2.0,20,0,0,14.55,GREEN,"{'financial': 'Allocation is within the expected state range around the median ₹147,000,000.00.', 'duplicate': 'No duplicate risk signal detected from name/constituency/state similarity.', 'performance': 'Spending is aligned with expected completion output: ₹50,238,438.65 vs ₹116,508,820.06.', 'combined': 'Overall risk level GREEN from financial, duplicate, and performance indicators.'}","{'financial': 20, 'duplicate': 0, 'performance': 0}"
303,Odisha,NABA CHARAN MAJHI,MAYURBHANJ (ST),147563957.11,9,88.06920351086058,32.5051747624666,147000000.0,1.0,563957.1100000143,True,False,0.3690867348250528,80,0,80,52.73,YELLOW,"{'financial': 'Allocation is 3x above the state median threshold: ₹147,563,957.11 > ₹147,000,003.00.', 'duplicate': 'No duplicate risk signal detected from name/constituency/state similarity.', 'performance': 'Spending is materially higher than expected for the completion rate: ₹129,958,401.70 vs ₹47,965,922.15.', 'combined': 'Overall risk level YELLOW from financial, duplicate, and performance indicators.'}","{'financial': 80, 'duplicate': 0, 'performance': 80}"
304,Jharkhand,NALIN SOREN,DUMKA(ST),147364097.11,9,69.0195567996029,86.91037880278058,147000000.0,1.0,364097.1100000143,True,False,1.2592138059524691,80,0,0,30.91,BLUE,"{'financial': 'Allocation is 3x above the state median threshold: ₹147,364,097.11 > ₹147,000,003.00.', 'duplicate': 'No duplicate risk signal detected from name/constituency/state similarity.', 'performance': 'Spending is aligned with expected completion output: ₹101,710,046.71 vs ₹128,074,695.02.', 'combined': 'Overall risk level BLUE from financial, duplicate, and performance indicators.'}","{'financial': 80, 'duplicate': 0, 'performance': 0}"
305,Uttar Pradesh,NARAYAN DAS AHIRWAR,JALAUN(SC),147000000.0,6,90.27688693875317,28.16244626667717,147000000.0,1.0,0.0,False,False,0.3119563292626994,20,0,80,36.36,BLUE,"{'financial': 'Allocation is within the expected state range around the median ₹147,000,000.00.', 'duplicate': 'No duplicate risk signal detected from name/constituency/state similarity.', 'performance': 'Spending is materially higher than expected for the completion rate: ₹132,707,023.80 vs ₹41,398,796.01.', 'combined': 'Overall risk level BLUE from financial, duplicate, and performance indicators.'}","{'financial': 20, 'duplicate': 0, 'performance': 80}"
306,Maharashtra,NARAYAN TATU RANE,RATNAGIRI-SINDHUDURG,147000000.0,5,56.708943906237565,56.33746905534771,147000000.0,1.0,0.0,False,False,0.9934494486177692,20,0,0,14.55,GREEN,"{'financial': 'Allocation is within the expected state range around the median ₹147,000,000.00.', 'duplicate': 'No duplicate risk signal detected from name/constituency/state similarity.', 'performance': 'Spending is aligned with expected completion output: ₹83,362,147.54 vs ₹82,816,079.51.', 'combined': 'Overall risk level GREEN from financial, duplicate, and performance indicators.'}","{'financial': 20, 'duplicate': 0, 'performance': 0}"
307,Uttar Pradesh,NARESH CHANDRA UTTAM PATEL,FATEHPUR,147000000.0,11,87.37232688163928,40.00581935810992,147000000.0,1.0,0.0,False,False,0.457877462875684,20,0,80,36.36,BLUE,"{'financial': 'Allocation is within the expected state range around the median ₹147,000,000.00.', 'duplicate': 'No duplicate risk signal detected from name/constituency/state similarity.', 'performance': 'Spending is materially higher than expected for the completion rate: ₹128,437,320.52 vs ₹58,808,554.46.', 'combined': 'Overall risk level BLUE from financial, duplicate, and performance indicators.'}","{'financial': 20, 'duplicate': 0, 'performance': 80}"
308,Maharashtra,NARESH GANPAT MHASKE,THANE,147000000.0,6,92.8782872913093,85.89719932488498,147000000.0,1.0,0.0,False,False,0.9248361681721328,20,0,0,14.55,GREEN,"{'financial': 'Allocation is within the expected state range around the median ₹147,000,000.00.', 'duplicate': 'No duplicate risk signal detected from name/constituency/state similarity.', 'performance': 'Spending is aligned with expected completion output: ₹136,531,082.32 vs ₹126,268,883.01.', 'combined': 'Overall risk level GREEN from financial, duplicate, and performance indicators.'}","{'financial': 20, 'duplicate': 0, 'performance': 0}"
309,Haryana,NAVEEN JINDAL,KURUKSHETRA,147000000.0,9,72.79679971268747,50.86381769950016,147000000.0,1.0,0.0,False,False,0.6987095298179062,20,0,50,28.18,BLUE,"{'financial': 'Allocation is within the expected state range around the median ₹147,000,000.00.', 'duplicate': 'No duplicate risk signal detected from name/constituency/state similarity.', 'performance': 'Spending exceeds expected benchmarks moderately: ₹107,011,295.58 vs ₹74,769,812.02.', 'combined': 'Overall risk level BLUE from financial, duplicate, and performance indicators.'}","{'financial': 20, 'duplicate': 0, 'performance': 50}"
310,Uttar Pradesh,NEERAJ MAURYA,AONLA,147000000.0,6,61.30252193268032,86.27090438071929,147000000.0,1.0,0.0,False,False,1.407297802127262,20,0,0,14.55,GREEN,"{'financial': 'Allocation is within the expected state range around the median ₹147,000,000.00.', 'duplicate': 'No duplicate risk signal detected from name/constituency/state similarity.', 'performance': 'Spending is aligned with expected completion output: ₹90,114,707.24 vs ₹126,818,229.44.', 'combined': 'Overall risk level GREEN from financial, duplicate, and performance indicators.'}","{'financial': 20, 'duplicate': 0, 'performance': 0}"
311,Maharashtra,NILESH DNYANDEV LANKE,AHMEDNAGAR,147000000.0,13,44.357727308728606,61.13771872720026,147000000.0,1.0,0.0,False,False,1.3782878978826705,20,0,0,14.55,GREEN,"{'financial': 'Allocation is within the expected state range around the median ₹147,000,000.00.', 'duplicate': 'No duplicate risk signal detected from name/constituency/state similarity.', 'performance': 'Spending is aligned with expected completion output: ₹65,205,859.14 vs ₹89,872,446.53.', 'combined': 'Overall risk level GREEN from financial, duplicate, and performance indicators.'}","{'financial': 20, 'duplicate': 0, 'performance': 0}"
312,Gujarat,NIMUBEN JAYANTIBHAI BAMBHANIYA,BHAVNAGAR,147000000.0,12,91.26029766589087,97.02354673953714,147000000.0,1.0,0.0,False,False,1.0631517672092834,20,0,0,14.55,GREEN,"{'financial': 'Allocation is within the expected state range around the median ₹147,000,000.00.', 'duplicate': 'No duplicate risk signal detected from name/constituency/state similarity.', 'performance': 'Spending is aligned with expected completion output: ₹134,152,637.57 vs ₹142,624,613.71.', 'combined': 'Overall risk level GREEN from financial, duplicate, and performance indicators.'}","{'financial': 20, 'duplicate': 0, 'performance': 0}"
313,Jharkhand,Nishikant Dubey,GODDA,147000000.0,14,70.25171398936442,86.46722995016466,147000000.0,1.0,0.0,False,False,1.2308202183259922,20,0,0,14.55,GREEN,"{'financial': 'Allocation is within the expected state range around the median ₹147,000,000.00.', 'duplicate': 'No duplicate risk signal detected from name/constituency/state similarity.', 'performance': 'Spending is aligned with expected completion output: ₹103,270,019.56 vs ₹127,106,828.03.', 'combined': 'Overall risk level GREEN from financial, duplicate, and performance indicators.'}","{'financial': 20, 'duplicate': 0, 'performance': 0}"
314,Maharashtra,Nitin Jairam Gadkari,NAGPUR,168195086.11,15,48.16773347105635,60.554105591863696,147000000.0,1.0,21195086.11000001,True,False,1.2571508191941445,80,0,0,30.91,BLUE,"{'financial': 'Allocation is 3x above the state median threshold: ₹168,195,086.11 > ₹147,000,003.00.', 'duplicate': 'No duplicate risk signal detected from name/constituency/state similarity.', 'performance': 'Spending is aligned with expected completion output: ₹81,015,760.79 vs ₹101,849,030.04.', 'combined': 'Overall risk level BLUE from financial, duplicate, and performance indicators.'}","{'financial': 80, 'duplicate': 0, 'performance': 0}"
315,Bihar,Nityanand Rai,UJJARPUR,147000000.0,15,46.98532479816839,87.8122196610323,147000000.0,1.0,0.0,False,False,1.8689286503443607,20,0,0,14.55,GREEN,"{'financial': 'Allocation is within the expected state range around the median ₹147,000,000.00.', 'duplicate': 'No duplicate risk signal detected from name/constituency/state similarity.', 'performance': 'Spending is aligned with expected completion output: ₹69,068,427.45 vs ₹129,083,962.90.', 'combined': 'Overall risk level GREEN from financial, duplicate, and performance indicators.'}","{'financial': 20, 'duplicate': 0, 'performance': 0}"
316,Rajasthan,Om Birla,KOTA,163906956.6,14,90.47987458455256,69.43724772415004,147000000.0,1.0,16906956.599999994,True,False,0.767433067773117,80,0,50,44.55,BLUE,"{'financial': 'Allocation is 3x above the state median threshold: ₹163,906,956.60 > ₹147,000,003.00.', 'duplicate': 'No duplicate risk signal detected from name/constituency/state similarity.', 'performance': 'Spending exceeds expected benchmarks moderately: ₹148,302,808.77 vs ₹113,812,479.49.', 'combined': 'Overall risk level BLUE from financial, duplicate, and performance indicators.'}","{'financial': 80, 'duplicate': 0, 'performance': 50}"
317,Maharashtra,Omprakash Bhupalsinh Alias Pawan Rajenimbalkar,OSMANABAD,184758519.11,13,37.19973295776219,91.24461754028182,147000000.0,1.0,37758519.110000014,True,False,2.0,80,0,0,30.91,BLUE,"{'financial': 'Allocation is 3x above the state median threshold: ₹184,758,519.11 > ₹147,000,003.00.', 'duplicate': 'No duplicate risk signal detected from name/constituency/state similarity.', 'performance': 'Spending is aligned with expected completion output: ₹68,729,675.73 vs ₹168,582,204.14.', 'combined': 'Overall risk level BLUE from financial, duplicate, and performance indicators.'}","{'financial': 80, 'duplicate': 0, 'performance': 0}"
318,Karnataka,P C Mohan,BANGALORE CENTRAL,159995711.11,14,53.83134730143628,41.27106289822721,147000000.0,1.0,12995711.110000014,True,False,0.766673415530992,80,0,0,30.91,BLUE,"{'financial': 'Allocation is 3x above the state median threshold: ₹159,995,711.11 > ₹147,000,003.00.', 'duplicate': 'No duplicate risk signal detected from name/constituency/state similarity.', 'performance': 'Spending is aligned with expected completion output: ₹86,127,846.92 vs ₹66,031,930.57.', 'combined': 'Overall risk level BLUE from financial, duplicate, and performance indicators.'}","{'financial': 80, 'duplicate': 0, 'performance': 0}"
319,Uttar Pradesh,Pankaj Chowdhary,MAHARAJGANJ_UP,147000000.0,6,52.40435037895297,33.79620997663811,147000000.0,1.0,0.0,False,False,0.6449122970182185,20,0,50,28.18,BLUE,"{'financial': 'Allocation is within the expected state range around the median ₹147,000,000.00.', 'duplicate': 'No duplicate risk signal detected from name/constituency/state similarity.', 'performance': 'Spending exceeds expected benchmarks moderately: ₹77,034,395.06 vs ₹49,680,428.67.', 'combined': 'Overall risk level BLUE from financial, duplicate, and performance indicators.'}","{'financial': 20, 'duplicate': 0, 'performance': 50}"
320,Assam,PARIMAL SUKLABAIDYA,SILCHAR,148300157.11,10,47.46761674555873,43.37361231319376,147000000.0,1.0,1300157.1100000143,True,False,0.9137516329435684,80,0,0,30.91,BLUE,"{'financial': 'Allocation is 3x above the state median threshold: ₹148,300,157.11 > ₹147,000,003.00.', 'duplicate': 'No duplicate risk signal detected from name/constituency/state similarity.', 'performance': 'Spending is aligned with expected completion output: ₹70,394,550.21 vs ₹64,323,135.20.', 'combined': 'Overall risk level BLUE from financial, duplicate, and performance indicators.'}","{'financial': 80, 'duplicate': 0, 'performance': 0}"
321,Gujarat,PARSHOTTAMBHAI RUPALA,RAJKOT,147000000.0,10,62.55875893538448,79.08879252176631,147000000.0,1.0,0.0,False,False,1.2642321214117327,20,0,0,14.55,GREEN,"{'financial': 'Allocation is within the expected state range around the median ₹147,000,000.00.', 'duplicate': 'No duplicate risk signal detected from name/constituency/state similarity.', 'performance': 'Spending is aligned with expected completion output: ₹91,961,375.64 vs ₹116,260,525.01.', 'combined': 'Overall risk level GREEN from financial, duplicate, and performance indicators.'}","{'financial': 20, 'duplicate': 0, 'performance': 0}"
322,West Bengal,PARTHA BHOWMICK,BARRACKPUR,147000000.0,12,60.88477186795549,42.03087600005394,147000000.0,1.0,0.0,False,False,0.690334786688679,20,0,50,28.18,BLUE,"{'financial': 'Allocation is within the expected state range around the median ₹147,000,000.00.', 'duplicate': 'No duplicate risk signal detected from name/constituency/state similarity.', 'performance': 'Spending exceeds expected benchmarks moderately: ₹89,500,614.65 vs ₹61,785,387.72.', 'combined': 'Overall risk level BLUE from financial, duplicate, and performance indicators.'}","{'financial': 20, 'duplicate': 0, 'performance': 50}"
323,Karnataka,Parvatagouda Chandanagouda Gaddigoudar,BAGALKOT,167541747.11,13,84.30244973841718,60.066819659799,147000000.0,1.0,20541747.11000001,True,False,0.7125157079797901,80,0,50,44.55,BLUE,"{'financial': 'Allocation is 3x above the state median threshold: ₹167,541,747.11 > ₹147,000,003.00.', 'duplicate': 'No duplicate risk signal detected from name/constituency/state similarity.', 'performance': 'Spending exceeds expected benchmarks moderately: ₹141,241,797.15 vs ₹100,636,999.09.', 'combined': 'Overall risk level BLUE from financial, duplicate, and performance indicators.'}","{'financial': 80, 'duplicate': 0, 'performance': 50}"
324,The Dadra And Nagar Haveli And Daman And Diu,PATEL UMESHBHAI BABUBHAI,DAMAN and DIU,245063957.0,8,50.548146744905786,97.08776604832164,196031978.5,49031978.5,1.0,False,False,1.9206988247913568,20,0,0,14.55,GREEN,"{'financial': 'Allocation is within the expected state range around the median ₹196,031,978.50.', 'duplicate': 'No duplicate risk signal detected from name/constituency/state similarity.', 'performance': 'Spending is aligned with expected completion output: ₹123,875,288.60 vs ₹237,927,121.24.', 'combined': 'Overall risk level GREEN from financial, duplicate, and performance indicators.'}","{'financial': 20, 'duplicate': 0, 'performance': 0}"
325,West Bengal,PATHAN YUSUF,BAHARAMPUR,147000000.0,14,43.652504716049286,79.65369167962487,147000000.0,1.0,0.0,False,False,1.824722136742348,20,0,0,14.55,GREEN,"{'financial': 'Allocation is within the expected state range around the median ₹147,000,000.00.', 'duplicate': 'No duplicate risk signal detected from name/constituency/state similarity.', 'performance': 'Spending is aligned with expected completion output: ₹64,169,181.93 vs ₹117,090,926.77.', 'combined': 'Overall risk level GREEN from financial, duplicate, and performance indicators.'}","{'financial': 20, 'duplicate': 0, 'performance': 0}"
326,Assam,PHANI BHUSAN CHOUDHURY,BARPETA,147000000.0,5,68.7079705515709,82.98647480045611,147000000.0,1.0,0.0,False,False,1.2078143792381124,20,0,0,14.55,GREEN,"{'financial': 'Allocation is within the expected state range around the median ₹147,000,000.00.', 'duplicate': 'No duplicate risk signal detected from name/constituency/state similarity.', 'performance': 'Spending is aligned with expected completion output: ₹101,000,716.71 vs ₹121,990,117.96.', 'combined': 'Overall risk level GREEN from financial, duplicate, and performance indicators.'}","{'financial': 20, 'duplicate': 0, 'performance': 0}"
327,Maharashtra,Piyush Vedprakash Goyal,MUMBAI NORTH,147000000.0,8,56.67301542273317,38.39929591529884,147000000.0,1.0,0.0,False,False,0.6775587222397166,20,0,50,28.18,BLUE,"{'financial': 'Allocation is within the expected state range around the median ₹147,000,000.00.', 'duplicate': 'No duplicate risk signal detected from name/constituency/state similarity.', 'performance': 'Spending exceeds expected benchmarks moderately: ₹83,309,332.67 vs ₹56,446,965.00.', 'combined': 'Overall risk level BLUE from financial, duplicate, and performance indicators.'}","{'financial': 20, 'duplicate': 0, 'performance': 50}"
328,Andhra Pradesh,PRABHAKAR REDDY VEMIREDDY,NELLORE(SC),147000000.0,13,33.42897276676266,57.85466870145049,156430260.11,9430260.110000014,-1.0,False,False,1.730674439358589,20,0,0,14.55,GREEN,"{'financial': 'Allocation is within the expected state range around the median ₹156,430,260.11.', 'duplicate': 'No duplicate risk signal detected from name/constituency/state similarity.', 'performance': 'Spending is aligned with expected completion output: ₹49,140,589.97 vs ₹85,046,362.99.', 'combined': 'Overall risk level GREEN from financial, duplicate, and performance indicators.'}","{'financial': 20, 'duplicate': 0, 'performance': 0}"
329,Gujarat,Prabhubhai Nagarbhai Vasava,BARDOLI(ST),147000000.0,6,41.812065711938274,96.98818228380816,147000000.0,1.0,0.0,False,False,2.0,20,0,0,14.55,GREEN,"{'financial': 'Allocation is within the expected state range around the median ₹147,000,000.00.', 'duplicate': 'No duplicate risk signal detected from name/constituency/state similarity.', 'performance': 'Spending is aligned with expected completion output: ₹61,463,736.60 vs ₹142,572,627.96.', 'combined': 'Overall risk level GREEN from financial, duplicate, and performance indicators.'}","{'financial': 20, 'duplicate': 0, 'performance': 0}"
330,Assam,Pradan Baruah,LAKHIMPUR,147000000.0,7,58.61099242993401,62.95253690798805,147000000.0,1.0,0.0,False,False,1.0740738946409087,20,0,0,14.55,GREEN,"{'financial': 'Allocation is within the expected state range around the median ₹147,000,000.00.', 'duplicate': 'No duplicate risk signal detected from name/constituency/state similarity.', 'performance': 'Spending is aligned with expected completion output: ₹86,158,158.87 vs ₹92,540,229.25.', 'combined': 'Overall risk level GREEN from financial, duplicate, and performance indicators.'}","{'financial': 20, 'duplicate': 0, 'performance': 0}"
331,Bihar,Pradeep Kumar Singh,ARARIA,147000000.0,8,75.83605314531499,33.35864990465489,147000000.0,1.0,0.0,False,False,0.4398785079272776,20,0,80,36.36,BLUE,"{'financial': 'Allocation is within the expected state range around the median ₹147,000,000.00.', 'duplicate': 'No duplicate risk signal detected from name/constituency/state similarity.', 'performance': 'Spending is materially higher than expected for the completion rate: ₹111,478,998.12 vs ₹49,037,215.36.', 'combined': 'Overall risk level BLUE from financial, duplicate, and performance indicators.'}","{'financial': 20, 'duplicate': 0, 'performance': 80}"
332,Odisha,PRADEEP PUROHIT,BARGARH,147000000.0,10,90.06757683763146,76.7792726477899,147000000.0,1.0,0.0,False,False,0.8524629544125857,20,0,0,14.55,GREEN,"{'financial': 'Allocation is within the expected state range around the median ₹147,000,000.00.', 'duplicate': 'No duplicate risk signal detected from name/constituency/state similarity.', 'performance': 'Spending is aligned with expected completion output: ₹132,399,337.95 vs ₹112,865,530.79.', 'combined': 'Overall risk level GREEN from financial, duplicate, and performance indicators.'}","{'financial': 20, 'duplicate': 0, 'performance': 0}"
333,Assam,Pradyut Bordoloi,NOWGONG,98000000.0,15,49.70737666353785,27.00500987221142,147000000.0,1.0,-49000000.0,False,True,0.5432797239533377,20,0,50,28.18,BLUE,"{'financial': 'Allocation is within the expected state range around the median ₹147,000,000.00.', 'duplicate': 'No duplicate risk signal detected from name/constituency/state similarity.', 'performance': 'Spending exceeds expected benchmarks moderately: ₹48,713,229.13 vs ₹26,464,909.67.', 'combined': 'Overall risk level BLUE from financial, duplicate, and performance indicators.'}","{'financial': 20, 'duplicate': 0, 'performance': 50}"
334,Karnataka,Pralhad Venkatesh Joshi,DHARWAD,147000000.0,14,55.68447304000416,56.273120347761456,147000000.0,1.0,0.0,False,False,1.0105711210975166,20,0,0,14.55,GREEN,"{'financial': 'Allocation is within the expected state range around the median ₹147,000,000.00.', 'duplicate': 'No duplicate risk signal detected from name/constituency/state similarity.', 'performance': 'Spending is aligned with expected completion output: ₹81,856,175.37 vs ₹82,721,486.91.', 'combined': 'Overall risk level GREEN from financial, duplicate, and performance indicators.'}","{'financial': 20, 'duplicate': 0, 'performance': 0}"
335,Maharashtra,PRANITI SUSHILKUMAR SHINDE,SOLAPUR(SC),147000000.0,7,55.80706691785527,56.61597823534458,147000000.0,1.0,0.0,False,False,1.0144947828682698,20,0,0,14.55,GREEN,"{'financial': 'Allocation is within the expected state range around the median ₹147,000,000.00.', 'duplicate': 'No duplicate risk signal detected from name/constituency/state similarity.', 'performance': 'Spending is aligned with expected completion output: ₹82,036,388.37 vs ₹83,225,488.01.', 'combined': 'Overall risk level GREEN from financial, duplicate, and performance indicators.'}","{'financial': 20, 'duplicate': 0, 'performance': 0}"
336,West Bengal,Prasun Banerjee,HOWRAH,147000000.0,9,91.61675358475844,97.05772740003944,147000000.0,1.0,0.0,False,False,1.059388415354047,20,0,0,14.55,GREEN,"{'financial': 'Allocation is within the expected state range around the median ₹147,000,000.00.', 'duplicate': 'No duplicate risk signal detected from name/constituency/state similarity.', 'performance': 'Spending is aligned with expected completion output: ₹134,676,627.77 vs ₹142,674,859.28.', 'combined': 'Overall risk level GREEN from financial, duplicate, and performance indicators.'}","{'financial': 20, 'duplicate': 0, 'performance': 0}"
337,Odisha,Pratap Chandra Sarangi,BALASORE,147064254.11,9,75.46785666378162,59.93822179110299,147000000.0,1.0,64254.11000001431,True,False,0.7942218639935009,80,0,50,44.55,BLUE,"{'financial': 'Allocation is 3x above the state median threshold: ₹147,064,254.11 > ₹147,000,003.00.', 'duplicate': 'No duplicate risk signal detected from name/constituency/state similarity.', 'performance': 'Spending exceeds expected benchmarks moderately: ₹110,986,240.50 vs ₹88,147,698.80.', 'combined': 'Overall risk level BLUE from financial, duplicate, and performance indicators.'}","{'financial': 80, 'duplicate': 0, 'performance': 50}"
338,Maharashtra,Prataprao Jadhav,BULDHANA,147000000.0,8,68.15049431445908,23.949370025322363,147000000.0,1.0,0.0,False,False,0.3514188747452881,20,0,80,36.36,BLUE,"{'financial': 'Allocation is within the expected state range around the median ₹147,000,000.00.', 'duplicate': 'No duplicate risk signal detected from name/constituency/state similarity.', 'performance': 'Spending is materially higher than expected for the completion rate: ₹100,181,226.64 vs ₹35,205,573.94.', 'combined': 'Overall risk level BLUE from financial, duplicate, and performance indicators.'}","{'financial': 20, 'duplicate': 0, 'performance': 80}"
339,West Bengal,Pratima Mondal,JOYNAGAR(SC),147000000.0,6,39.22838291870538,92.54080941342689,147000000.0,1.0,0.0,False,False,2.0,20,0,0,14.55,GREEN,"{'financial': 'Allocation is within the expected state range around the median ₹147,000,000.00.', 'duplicate': 'No duplicate risk signal detected from name/constituency/state similarity.', 'performance': 'Spending is aligned with expected completion output: ₹57,665,722.89 vs ₹136,034,989.84.', 'combined': 'Overall risk level GREEN from financial, duplicate, and performance indicators.'}","{'financial': 20, 'duplicate': 0, 'performance': 0}"
340,Delhi,Praveen Khandelwal,CHANDINI CHOWK,147470276.0,7,57.127523245574594,69.21123166969733,147559100.0,424969.0,-0.2090128927051149,False,False,1.2115216578211938,20,0,0,14.55,GREEN,"{'financial': 'Allocation is within the expected state range around the median ₹147,559,100.00.', 'duplicate': 'No duplicate risk signal detected from name/constituency/state similarity.', 'performance': 'Spending is aligned with expected completion output: ₹84,246,116.20 vs ₹102,065,994.37.', 'combined': 'Overall risk level GREEN from financial, duplicate, and performance indicators.'}","{'financial': 20, 'duplicate': 0, 'performance': 0}"
341,Uttar Pradesh,PRAVEEN PATEL,PHULPUR,151559884.09,9,59.841694671238784,53.43626417940165,147000000.0,1.0,4559884.090000004,True,False,0.8929604095099979,80,0,0,30.91,BLUE,"{'financial': 'Allocation is 3x above the state median threshold: ₹151,559,884.09 > ₹147,000,003.00.', 'duplicate': 'No duplicate risk signal detected from name/constituency/state similarity.', 'performance': 'Spending is aligned with expected completion output: ₹90,696,003.08 vs ₹80,987,940.05.', 'combined': 'Overall risk level BLUE from financial, duplicate, and performance indicators.'}","{'financial': 80, 'duplicate': 0, 'performance': 0}"
342,Uttar Pradesh,PRIYA SAROJ,MACHHLISHAHR(SC),147000000.0,10,84.21942674775268,62.71108442353394,147000000.0,1.0,0.0,False,False,0.744615427166955,20,0,50,28.18,BLUE,"{'financial': 'Allocation is within the expected state range around the median ₹147,000,000.00.', 'duplicate': 'No duplicate risk signal detected from name/constituency/state similarity.', 'performance': 'Spending exceeds expected benchmarks moderately: ₹123,802,557.32 vs ₹92,185,294.10.', 'combined': 'Overall risk level BLUE from financial, duplicate, and performance indicators.'}","{'financial': 20, 'duplicate': 0, 'performance': 50}"
343,Kerala,Priyanka Gandhi Vadra,WAYANAD,122500000.0,10,76.14092115897841,56.71587311328391,147000000.0,4877316.555000007,-5.023254021698406,False,True,0.7448803120580065,20,0,50,28.18,BLUE,"{'financial': 'Allocation is within the expected state range around the median ₹147,000,000.00.', 'duplicate': 'No duplicate risk signal detected from name/constituency/state similarity.', 'performance': 'Spending exceeds expected benchmarks moderately: ₹93,272,628.42 vs ₹69,476,944.56.', 'combined': 'Overall risk level BLUE from financial, duplicate, and performance indicators.'}","{'financial': 20, 'duplicate': 0, 'performance': 50}"
344,Karnataka,PRIYANKA SATISH JARKIHOLI,CHIKKODI,147000000.0,7,94.75090888962772,68.49783662816063,147000000.0,1.0,0.0,False,False,0.7229253780346483,20,0,50,28.18,BLUE,"{'financial': 'Allocation is within the expected state range around the median ₹147,000,000.00.', 'duplicate': 'No duplicate risk signal detected from name/constituency/state similarity.', 'performance': 'Spending exceeds expected benchmarks moderately: ₹139,283,836.07 vs ₹100,691,819.84.', 'combined': 'Overall risk level BLUE from financial, duplicate, and performance indicators.'}","{'financial': 20, 'duplicate': 0, 'performance': 50}"
345,West Bengal,Prof Sougata Ray,DUM DUM,147000000.0,12,44.209880911029856,98.58832575433723,147000000.0,1.0,0.0,False,False,2.0,20,0,0,14.55,GREEN,"{'financial': 'Allocation is within the expected state range around the median ₹147,000,000.00.', 'duplicate': 'No duplicate risk signal detected from name/constituency/state similarity.', 'performance': 'Spending is aligned with expected completion output: ₹64,988,524.94 vs ₹144,924,838.86.', 'combined': 'Overall risk level GREEN from financial, duplicate, and performance indicators.'}","{'financial': 20, 'duplicate': 0, 'performance': 0}"
346,Uttar Pradesh,Prof SP Singh Baghel,AGRA(SC),147000000.0,12,94.13806381039468,93.89404512468218,147000000.0,1.0,0.0,False,False,0.9974078637711948,20,0,0,14.55,GREEN,"{'financial': 'Allocation is within the expected state range around the median ₹147,000,000.00.', 'duplicate': 'No duplicate risk signal detected from name/constituency/state similarity.', 'performance': 'Spending is aligned with expected completion output: ₹138,382,953.80 vs ₹138,024,246.33.', 'combined': 'Overall risk level GREEN from financial, duplicate, and performance indicators.'}","{'financial': 20, 'duplicate': 0, 'performance': 0}"
347,Uttar Pradesh,PUSHPENDRA SAROJ,KAUSHAMBI(SC),147000000.0,9,87.32182232995069,48.03286871100259,147000000.0,1.0,0.0,False,False,0.5500671817121217,20,0,80,36.36,BLUE,"{'financial': 'Allocation is within the expected state range around the median ₹147,000,000.00.', 'duplicate': 'No duplicate risk signal detected from name/constituency/state similarity.', 'performance': 'Spending is materially higher than expected for the completion rate: ₹128,363,078.83 vs ₹70,608,317.01.', 'combined': 'Overall risk level BLUE from financial, duplicate, and performance indicators.'}","{'financial': 20, 'duplicate': 0, 'performance': 80}"
348,Andhra Pradesh,Putta Mahesh Kumar,ELURU,147000000.0,12,51.82668790881402,41.77819829054685,156430260.11,9430260.110000014,-1.0,False,False,0.8061136062573226,20,0,0,14.55,GREEN,"{'financial': 'Allocation is within the expected state range around the median ₹156,430,260.11.', 'duplicate': 'No duplicate risk signal detected from name/constituency/state similarity.', 'performance': 'Spending is aligned with expected completion output: ₹76,185,231.23 vs ₹61,413,951.49.', 'combined': 'Overall risk level GREEN from financial, duplicate, and performance indicators.'}","{'financial': 20, 'duplicate': 0, 'performance': 0}"
349,Uttar Pradesh,R.K. CHAUDHARY,MOHANLALGANJ(SC),147000000.0,12,35.88701699513388,65.07709685580653,147000000.0,1.0,0.0,False,False,1.81338830320254,20,0,0,14.55,GREEN,"{'financial': 'Allocation is within the expected state range around the median ₹147,000,000.00.', 'duplicate': 'No duplicate risk signal detected from name/constituency/state similarity.', 'performance': 'Spending is aligned with expected completion output: ₹52,753,914.98 vs ₹95,663,332.38.', 'combined': 'Overall risk level GREEN from financial, duplicate, and performance indicators.'}","{'financial': 20, 'duplicate': 0, 'performance': 0}"
350,Odisha,RABINDRA NARAYAN BEHERA,JAJPUR(SC),147064617.11,5,57.1417122662867,63.2485281276396,147000000.0,1.0,64617.11000001431,True,False,1.1068714187788855,80,0,0,30.91,BLUE,"{'financial': 'Allocation is 3x above the state median threshold: ₹147,064,617.11 > ₹147,000,003.00.', 'duplicate': 'No duplicate risk signal detected from name/constituency/state similarity.', 'performance': 'Spending is aligned with expected completion output: ₹84,035,240.35 vs ₹93,016,205.72.', 'combined': 'Overall risk level BLUE from financial, duplicate, and performance indicators.'}","{'financial': 80, 'duplicate': 0, 'performance': 0}"
351,West Bengal,RACHNA BANERJEE,HOOGHLY,147000000.0,12,80.58175368561153,23.06370273622269,147000000.0,1.0,0.0,False,False,0.2862149516651793,20,0,80,36.36,BLUE,"{'financial': 'Allocation is within the expected state range around the median ₹147,000,000.00.', 'duplicate': 'No duplicate risk signal detected from name/constituency/state similarity.', 'performance': 'Spending is materially higher than expected for the completion rate: ₹118,455,177.92 vs ₹33,903,643.02.', 'combined': 'Overall risk level BLUE from financial, duplicate, and performance indicators.'}","{'financial': 20, 'duplicate': 0, 'performance': 80}"
352,Bihar,Radha Mohan Singh,PURVI CHAMPARAN,147000000.0,10,60.71843809146824,70.17114084938753,147000000.0,1.0,0.0,False,False,1.1556809274915705,20,0,0,14.55,GREEN,"{'financial': 'Allocation is within the expected state range around the median ₹147,000,000.00.', 'duplicate': 'No duplicate risk signal detected from name/constituency/state similarity.', 'performance': 'Spending is aligned with expected completion output: ₹89,256,103.99 vs ₹103,151,577.05.', 'combined': 'Overall risk level GREEN from financial, duplicate, and performance indicators.'}","{'financial': 20, 'duplicate': 0, 'performance': 0}"
353,Karnataka,RADHAKRISHNA,GULBARGA(SC),147000000.0,6,87.2130760012165,93.11025377624064,147000000.0,1.0,0.0,False,False,1.0676180458873148,20,0,0,14.55,GREEN,"{'financial': 'Allocation is within the expected state range around the median ₹147,000,000.00.', 'duplicate': 'No duplicate risk signal detected from name/constituency/state similarity.', 'performance': 'Spending is aligned with expected completion output: ₹128,203,221.72 vs ₹136,872,073.05.', 'combined': 'Overall risk level GREEN from financial, duplicate, and performance indicators.'}","{'financial': 20, 'duplicate': 0, 'performance': 0}"
354,Chhattisgarh,RADHE SHYAM RATHIYA,RAIGARH(ST),159706972.09,12,50.74301947258788,60.05279348134171,150384382.11,3384382.1100000143,2.75459143707622,True,False,1.1834690585132226,50,0,0,22.73,GREEN,"{'financial': 'Allocation exceeds the state median by more than 2*MAD: ₹159,706,972.09 > ₹157,153,146.33.', 'duplicate': 'No duplicate risk signal detected from name/constituency/state similarity.', 'performance': 'Spending is aligned with expected completion output: ₹81,040,139.95 vs ₹95,908,498.12.', 'combined': 'Overall risk level GREEN from financial, duplicate, and performance indicators.'}","{'financial': 50, 'duplicate': 0, 'performance': 0}"
355,Uttar Pradesh,RAHUL GANDHI,RAE BARELI,147000000.0,8,64.52151158701622,36.358046715042406,147000000.0,1.0,0.0,False,False,0.5635027112780601,20,0,50,28.18,BLUE,"{'financial': 'Allocation is within the expected state range around the median ₹147,000,000.00.', 'duplicate': 'No duplicate risk signal detected from name/constituency/state similarity.', 'performance': 'Spending exceeds expected benchmarks moderately: ₹94,846,622.03 vs ₹53,446,328.67.', 'combined': 'Overall risk level BLUE from financial, duplicate, and performance indicators.'}","{'financial': 20, 'duplicate': 0, 'performance': 50}"
356,Rajasthan,Rahul Kaswan,CHURU,147000000.0,12,69.71555419089077,73.32923391560142,147000000.0,1.0,0.0,False,False,1.0518346266719174,20,0,0,14.55,GREEN,"{'financial': 'Allocation is within the expected state range around the median ₹147,000,000.00.', 'duplicate': 'No duplicate risk signal detected from name/constituency/state similarity.', 'performance': 'Spending is aligned with expected completion output: ₹102,481,864.66 vs ₹107,793,973.86.', 'combined': 'Overall risk level GREEN from financial, duplicate, and performance indicators.'}","{'financial': 20, 'duplicate': 0, 'performance': 0}"
357,Madhya Pradesh,RAHUL SINGH LODHI,DAMOH,163058785.37,12,75.44010142052312,53.3483877614249,147000000.0,1.0,16058785.370000005,True,False,0.7071621956609899,80,0,50,44.55,BLUE,"{'financial': 'Allocation is 3x above the state median threshold: ₹163,058,785.37 > ₹147,000,003.00.', 'duplicate': 'No duplicate risk signal detected from name/constituency/state similarity.', 'performance': 'Spending exceeds expected benchmarks moderately: ₹123,011,713.06 vs ₹86,989,233.10.', 'combined': 'Overall risk level BLUE from financial, duplicate, and performance indicators.'}","{'financial': 80, 'duplicate': 0, 'performance': 50}"
358,Bihar,RAJ BHUSHAN CHOUDHARY,MUZAFFARPUR,147000000.0,15,56.49077625612743,57.791152843468645,147000000.0,1.0,0.0,False,False,1.0230192727649086,20,0,0,14.55,GREEN,"{'financial': 'Allocation is within the expected state range around the median ₹147,000,000.00.', 'duplicate': 'No duplicate risk signal detected from name/constituency/state similarity.', 'performance': 'Spending is aligned with expected completion output: ₹83,041,441.10 vs ₹84,952,994.68.', 'combined': 'Overall risk level GREEN from financial, duplicate, and performance indicators.'}","{'financial': 20, 'duplicate': 0, 'performance': 0}"
359,Rajasthan,RAJ KUMAR ROAT,BANSWARA(ST),147000000.0,14,58.947056018469056,69.34788786620953,147000000.0,1.0,0.0,False,False,1.176443618227206,20,0,0,14.55,GREEN,"{'financial': 'Allocation is within the expected state range around the median ₹147,000,000.00.', 'duplicate': 'No duplicate risk signal detected from name/constituency/state similarity.', 'performance': 'Spending is aligned with expected completion output: ₹86,652,172.35 vs ₹101,941,395.16.', 'combined': 'Overall risk level GREEN from financial, duplicate, and performance indicators.'}","{'financial': 20, 'duplicate': 0, 'performance': 0}"
360,Bihar,RAJA RAM SINGH,KARAKAT,147000000.0,13,78.38401929669634,20.52110877947477,147000000.0,1.0,0.0,False,False,0.2618022010557919,20,0,80,36.36,BLUE,"{'financial': 'Allocation is within the expected state range around the median ₹147,000,000.00.', 'duplicate': 'No duplicate risk signal detected from name/constituency/state similarity.', 'performance': 'Spending is materially higher than expected for the completion rate: ₹115,224,508.37 vs ₹30,166,029.91.', 'combined': 'Overall risk level BLUE from financial, duplicate, and performance indicators.'}","{'financial': 20, 'duplicate': 0, 'performance': 80}"
361,Maharashtra,RAJABHAU,NASHIK,152878682.11,11,51.78848382926531,42.70876956877552,147000000.0,1.0,5878682.110000014,True,False,0.8246769631174469,80,0,0,30.91,BLUE,"{'financial': 'Allocation is 3x above the state median threshold: ₹152,878,682.11 > ₹147,000,003.00.', 'duplicate': 'No duplicate risk signal detected from name/constituency/state similarity.', 'performance': 'Spending is aligned with expected completion output: ₹79,173,551.56 vs ₹65,292,604.06.', 'combined': 'Overall risk level BLUE from financial, duplicate, and performance indicators.'}","{'financial': 80, 'duplicate': 0, 'performance': 0}"
362,Himachal Pradesh,RAJEEV BHARDWAJ,KANGRA,179388967.11,10,90.36449856868369,30.190537658656964,151567037.11,3281978.555000007,8.47718214295277,True,False,0.3340973295581332,80,0,80,52.73,YELLOW,"{'financial': 'Allocation is 3x above the state median threshold: ₹179,388,967.11 > ₹161,412,972.78.', 'duplicate': 'No duplicate risk signal detected from name/constituency/state similarity.', 'performance': 'Spending is materially higher than expected for the completion rate: ₹162,103,940.62 vs ₹54,158,493.67.', 'combined': 'Overall risk level YELLOW from financial, duplicate, and performance indicators.'}","{'financial': 80, 'duplicate': 0, 'performance': 80}"
363,Uttar Pradesh,RAJEEV RAI,GHOSI,147000000.0,13,85.7180174990144,44.28050884871272,147000000.0,1.0,0.0,False,False,0.5165834458224826,20,0,80,36.36,BLUE,"{'financial': 'Allocation is within the expected state range around the median ₹147,000,000.00.', 'duplicate': 'No duplicate risk signal detected from name/constituency/state similarity.', 'performance': 'Spending is materially higher than expected for the completion rate: ₹126,005,485.72 vs ₹65,092,348.01.', 'combined': 'Overall risk level BLUE from financial, duplicate, and performance indicators.'}","{'financial': 20, 'duplicate': 0, 'performance': 80}"
364,Bihar,RAJESH RANJAN ALIAS PAPPU YADAV,PURNEA,147000000.0,6,74.9690698637149,46.46823049240814,147000000.0,1.0,0.0,False,False,0.6198320264194555,20,0,50,28.18,BLUE,"{'financial': 'Allocation is within the expected state range around the median ₹147,000,000.00.', 'duplicate': 'No duplicate risk signal detected from name/constituency/state similarity.', 'performance': 'Spending exceeds expected benchmarks moderately: ₹110,204,532.70 vs ₹68,308,298.82.', 'combined': 'Overall risk level BLUE from financial, duplicate, and performance indicators.'}","{'financial': 20, 'duplicate': 0, 'performance': 50}"
365,Bihar,RAJESH VERMA,KHAGARIA,147000000.0,11,45.20400702478934,65.32588909795314,147000000.0,1.0,0.0,False,False,1.4451349204978488,20,0,0,14.55,GREEN,"{'financial': 'Allocation is within the expected state range around the median ₹147,000,000.00.', 'duplicate': 'No duplicate risk signal detected from name/constituency/state similarity.', 'performance': 'Spending is aligned with expected completion output: ₹66,449,890.33 vs ₹96,029,056.97.', 'combined': 'Overall risk level GREEN from financial, duplicate, and performance indicators.'}","{'financial': 20, 'duplicate': 0, 'performance': 0}"
366,Gujarat,Rajeshbhai Naranbhai Chudasama,JUNAGADH,147000000.0,15,50.66711959495025,94.9356830289852,147000000.0,1.0,0.0,False,False,1.873713836269607,20,0,0,14.55,GREEN,"{'financial': 'Allocation is within the expected state range around the median ₹147,000,000.00.', 'duplicate': 'No duplicate risk signal detected from name/constituency/state similarity.', 'performance': 'Spending is aligned with expected completion output: ₹74,480,665.80 vs ₹139,555,454.05.', 'combined': 'Overall risk level GREEN from financial, duplicate, and performance indicators.'}","{'financial': 20, 'duplicate': 0, 'performance': 0}"
367,Bihar,Rajiv Pratap Rudy,SARAN,147000000.0,9,78.98506665734718,83.30274298725278,147000000.0,1.0,0.0,False,False,1.0546644639629987,20,0,0,14.55,GREEN,"{'financial': 'Allocation is within the expected state range around the median ₹147,000,000.00.', 'duplicate': 'No duplicate risk signal detected from name/constituency/state similarity.', 'performance': 'Spending is aligned with expected completion output: ₹116,108,047.99 vs ₹122,455,032.19.', 'combined': 'Overall risk level GREEN from financial, duplicate, and performance indicators.'}","{'financial': 20, 'duplicate': 0, 'performance': 0}"
368,Bihar,Rajiv Ranjan (Lalan) Singh,MUNGER,147000000.0,10,37.84310505429092,95.52411724300434,147000000.0,1.0,0.0,False,False,2.0,20,0,0,14.55,GREEN,"{'financial': 'Allocation is within the expected state range around the median ₹147,000,000.00.', 'duplicate': 'No duplicate risk signal detected from name/constituency/state similarity.', 'performance': 'Spending is aligned with expected completion output: ₹55,629,364.43 vs ₹140,420,452.35.', 'combined': 'Overall risk level GREEN from financial, duplicate, and performance indicators.'}","{'financial': 20, 'duplicate': 0, 'performance': 0}"
369,Uttar Pradesh,Rajkumar Chahar,FATEHPUR SIKRI,147000000.0,8,30.83799591070164,87.17583506400537,147000000.0,1.0,0.0,False,False,2.0,20,0,0,14.55,GREEN,"{'financial': 'Allocation is within the expected state range around the median ₹147,000,000.00.', 'duplicate': 'No duplicate risk signal detected from name/constituency/state similarity.', 'performance': 'Spending is aligned with expected completion output: ₹45,331,853.99 vs ₹128,148,477.54.', 'combined': 'Overall risk level GREEN from financial, duplicate, and performance indicators.'}","{'financial': 20, 'duplicate': 0, 'performance': 0}"
370,Uttar Pradesh,Rajnath Singh,LUCKNOW,154808797.11,5,70.35396142947172,73.38256096356683,147000000.0,1.0,7808797.110000014,True,False,1.043048031305689,80,0,0,30.91,BLUE,"{'financial': 'Allocation is 3x above the state median threshold: ₹154,808,797.11 > ₹147,000,003.00.', 'duplicate': 'No duplicate risk signal detected from name/constituency/state similarity.', 'performance': 'Spending is aligned with expected completion output: ₹108,914,121.41 vs ₹113,602,659.92.', 'combined': 'Overall risk level BLUE from financial, duplicate, and performance indicators.'}","{'financial': 80, 'duplicate': 0, 'performance': 0}"
371,Gujarat,RAJPALSINH MAHENDRASINH JADAV,PANCHMAHAL,147000000.0,8,68.2304993558847,90.85288085177476,147000000.0,1.0,0.0,False,False,1.331558199184408,20,0,0,14.55,GREEN,"{'financial': 'Allocation is within the expected state range around the median ₹147,000,000.00.', 'duplicate': 'No duplicate risk signal detected from name/constituency/state similarity.', 'performance': 'Spending is aligned with expected completion output: ₹100,298,834.05 vs ₹133,553,734.85.', 'combined': 'Overall risk level GREEN from financial, duplicate, and performance indicators.'}","{'financial': 20, 'duplicate': 0, 'performance': 0}"
372,West Bengal,Raju Bista,DARJEELING,147000000.0,9,93.0940675286315,82.00240024660803,147000000.0,1.0,0.0,False,False,0.8808552727743669,20,0,0,14.55,GREEN,"{'financial': 'Allocation is within the expected state range around the median ₹147,000,000.00.', 'duplicate': 'No duplicate risk signal detected from name/constituency/state similarity.', 'performance': 'Spending is aligned with expected completion output: ₹136,848,279.27 vs ₹120,543,528.36.', 'combined': 'Overall risk level GREEN from financial, duplicate, and performance indicators.'}","{'financial': 20, 'duplicate': 0, 'performance': 0}"
373,Uttar Pradesh,RAKESH RATHOR,SITAPUR,147000000.0,8,89.91631887018713,21.29408451410772,147000000.0,1.0,0.0,False,False,0.2368211330453835,20,0,80,36.36,BLUE,"{'financial': 'Allocation is within the expected state range around the median ₹147,000,000.00.', 'duplicate': 'No duplicate risk signal detected from name/constituency/state similarity.', 'performance': 'Spending is materially higher than expected for the completion rate: ₹132,176,988.74 vs ₹31,302,304.24.', 'combined': 'Overall risk level BLUE from financial, duplicate, and performance indicators.'}","{'financial': 20, 'duplicate': 0, 'performance': 80}"
374,Assam,RAKIBUL HUSSAIN,DHUBRI,147000000.0,5,86.71109768635577,28.939396611269697,147000000.0,1.0,0.0,False,False,0.3337450151530418,20,0,80,36.36,BLUE,"{'financial': 'Allocation is within the expected state range around the median ₹147,000,000.00.', 'duplicate': 'No duplicate risk signal detected from name/constituency/state similarity.', 'performance': 'Spending is materially higher than expected for the completion rate: ₹127,465,313.60 vs ₹42,540,913.02.', 'combined': 'Overall risk level BLUE from financial, duplicate, and performance indicators.'}","{'financial': 20, 'duplicate': 0, 'performance': 80}"
375,Uttar Pradesh,RAM PRASAD CHAUDHARY,BASTI,204176957.11,5,87.93727927579292,83.49863114459177,147000000.0,1.0,57176957.110000014,True,False,0.9495248412532704,80,0,0,30.91,BLUE,"{'financial': 'Allocation is 3x above the state median threshold: ₹204,176,957.11 > ₹147,000,003.00.', 'duplicate': 'No duplicate risk signal detected from name/constituency/state similarity.', 'performance': 'Spending is aligned with expected completion output: ₹179,547,660.99 vs ₹170,484,964.30.', 'combined': 'Overall risk level BLUE from financial, duplicate, and performance indicators.'}","{'financial': 80, 'duplicate': 0, 'performance': 0}"
376,Uttar Pradesh,Ram Shiromani,SHRAWASTI,151746878.11,12,81.46251082461268,90.16697719320943,147000000.0,1.0,4746878.110000014,True,False,1.1068524193581184,80,0,0,30.91,BLUE,"{'financial': 'Allocation is 3x above the state median threshold: ₹151,746,878.11 > ₹147,000,003.00.', 'duplicate': 'No duplicate risk signal detected from name/constituency/state similarity.', 'performance': 'Spending is aligned with expected completion output: ₹123,616,817.01 vs ₹136,825,572.98.', 'combined': 'Overall risk level BLUE from financial, duplicate, and performance indicators.'}","{'financial': 80, 'duplicate': 0, 'performance': 0}"
377,Telangana,RAMASAHAYAM RAGHURAM REDDY,KHAMMAM,147000000.0,13,33.01208289849984,39.75679116114532,147000000.0,1.0,0.0,False,False,1.2043102909738534,20,0,0,14.55,GREEN,"{'financial': 'Allocation is within the expected state range around the median ₹147,000,000.00.', 'duplicate': 'No duplicate risk signal detected from name/constituency/state similarity.', 'performance': 'Spending is aligned with expected completion output: ₹48,527,761.86 vs ₹58,442,483.01.', 'combined': 'Overall risk level GREEN from financial, duplicate, and performance indicators.'}","{'financial': 20, 'duplicate': 0, 'performance': 0}"
378,Uttar Pradesh,RAMASHANKAR RAJBHAR,SALEMPUR,160056927.07,14,37.33833796929327,33.47482302651403,147000000.0,1.0,13056927.069999993,True,False,0.8965268634625204,80,0,0,30.91,BLUE,"{'financial': 'Allocation is 3x above the state median threshold: ₹160,056,927.07 > ₹147,000,003.00.', 'duplicate': 'No duplicate risk signal detected from name/constituency/state similarity.', 'performance': 'Spending is aligned with expected completion output: ₹59,762,596.37 vs ₹53,578,773.08.', 'combined': 'Overall risk level BLUE from financial, duplicate, and performance indicators.'}","{'financial': 80, 'duplicate': 0, 'performance': 0}"
379,Uttar Pradesh,RAMBHUAL NISHAD,SULTANPUR,151231957.11,13,70.85553064038838,86.28381245199596,147000000.0,1.0,4231957.110000014,True,False,1.2177428024625263,80,0,0,30.91,BLUE,"{'financial': 'Allocation is 3x above the state median threshold: ₹151,231,957.11 > ₹147,000,003.00.', 'duplicate': 'No duplicate risk signal detected from name/constituency/state similarity.', 'performance': 'Spending is aligned with expected completion output: ₹107,156,205.71 vs ₹130,488,698.24.', 'combined': 'Overall risk level BLUE from financial, duplicate, and performance indicators.'}","{'financial': 80, 'duplicate': 0, 'performance': 0}"
380,Uttar Pradesh,RAMESH AWASTHI,KANPUR,147000000.0,7,84.11597138250072,29.659653882448094,147000000.0,1.0,0.0,False,False,0.3526043080163301,20,0,80,36.36,BLUE,"{'financial': 'Allocation is within the expected state range around the median ₹147,000,000.00.', 'duplicate': 'No duplicate risk signal detected from name/constituency/state similarity.', 'performance': 'Spending is materially higher than expected for the completion rate: ₹123,650,477.93 vs ₹43,599,691.21.', 'combined': 'Overall risk level BLUE from financial, duplicate, and performance indicators.'}","{'financial': 20, 'duplicate': 0, 'performance': 80}"
381,Karnataka,Ramesh Chandappa Jigajinagi,BIJAPUR(SC),269500000.0,5,89.61269279734294,95.20485405937605,147000000.0,1.0,122500000.0,True,False,1.0624036739380174,80,0,0,30.91,BLUE,"{'financial': 'Allocation is 3x above the state median threshold: ₹269,500,000.00 > ₹147,000,003.00.', 'duplicate': 'No duplicate risk signal detected from name/constituency/state similarity.', 'performance': 'Spending is aligned with expected completion output: ₹241,506,207.09 vs ₹256,577,081.69.', 'combined': 'Overall risk level BLUE from financial, duplicate, and performance indicators.'}","{'financial': 80, 'duplicate': 0, 'performance': 0}"
382,Bihar,Ramprit Mandal,JHANJHARPUR,147000000.0,7,54.32102462868123,82.12395042339037,147000000.0,1.0,0.0,False,False,1.5118262401116296,20,0,0,14.55,GREEN,"{'financial': 'Allocation is within the expected state range around the median ₹147,000,000.00.', 'duplicate': 'No duplicate risk signal detected from name/constituency/state similarity.', 'performance': 'Spending is aligned with expected completion output: ₹79,851,906.20 vs ₹120,722,207.12.', 'combined': 'Overall risk level GREEN from financial, duplicate, and performance indicators.'}","{'financial': 20, 'duplicate': 0, 'performance': 0}"
383,Delhi,Ramvir Singh Bidhuri,SOUTH DELHI,147559100.0,15,62.83114641063292,64.343448565331,147559100.0,424969.0,0.0,False,False,1.0240693070410405,20,0,0,14.55,GREEN,"{'financial': 'Allocation is within the expected state range around the median ₹147,559,100.00.', 'duplicate': 'No duplicate risk signal detected from name/constituency/state similarity.', 'performance': 'Spending is aligned with expected completion output: ₹92,713,074.16 vs ₹94,944,613.61.', 'combined': 'Overall risk level GREEN from financial, duplicate, and performance indicators.'}","{'financial': 20, 'duplicate': 0, 'performance': 0}"
384,Assam,RANJIT DUTTA,Sonitpur,147000000.0,7,67.13635840484152,79.363377081261,147000000.0,1.0,0.0,False,False,1.1821221610306727,20,0,0,14.55,GREEN,"{'financial': 'Allocation is within the expected state range around the median ₹147,000,000.00.', 'duplicate': 'No duplicate risk signal detected from name/constituency/state similarity.', 'performance': 'Spending is aligned with expected completion output: ₹98,690,446.86 vs ₹116,664,164.31.', 'combined': 'Overall risk level GREEN from financial, duplicate, and performance indicators.'}","{'financial': 20, 'duplicate': 0, 'performance': 0}"
385,Haryana,Rao Inderjit Singh,GURGAON,147000000.0,10,65.17525742235276,79.56565304869382,147000000.0,1.0,0.0,False,False,1.2207953784223289,20,0,0,14.55,GREEN,"{'financial': 'Allocation is within the expected state range around the median ₹147,000,000.00.', 'duplicate': 'No duplicate risk signal detected from name/constituency/state similarity.', 'performance': 'Spending is aligned with expected completion output: ₹95,807,628.41 vs ₹116,961,509.98.', 'combined': 'Overall risk level GREEN from financial, duplicate, and performance indicators.'}","{'financial': 20, 'duplicate': 0, 'performance': 0}"
386,Rajasthan,Rao Rajendra Singh,JAIPUR RURAL,147000000.0,11,31.562115083054096,31.677744871550413,147000000.0,1.0,0.0,False,False,1.0036635627299388,20,0,0,14.55,GREEN,"{'financial': 'Allocation is within the expected state range around the median ₹147,000,000.00.', 'duplicate': 'No duplicate risk signal detected from name/constituency/state similarity.', 'performance': 'Spending is aligned with expected completion output: ₹46,396,309.17 vs ₹46,566,284.96.', 'combined': 'Overall risk level GREEN from financial, duplicate, and performance indicators.'}","{'financial': 20, 'duplicate': 0, 'performance': 0}"
387,Bihar,Ravi Shankar Prasad,PATNA SAHIB,147000000.0,14,68.13822716365077,40.741894013800405,147000000.0,1.0,0.0,False,False,0.5979300564417195,20,0,50,28.18,BLUE,"{'financial': 'Allocation is within the expected state range around the median ₹147,000,000.00.', 'duplicate': 'No duplicate risk signal detected from name/constituency/state similarity.', 'performance': 'Spending exceeds expected benchmarks moderately: ₹100,163,193.93 vs ₹59,890,584.20.', 'combined': 'Overall risk level BLUE from financial, duplicate, and performance indicators.'}","{'financial': 20, 'duplicate': 0, 'performance': 50}"
388,Maharashtra,RAVINDRA DATTARAM WAIKAR,MUMBAI NORTH WEST,147000000.0,13,72.90056235274221,44.37263522960244,147000000.0,1.0,0.0,False,False,0.6086734285381452,20,0,50,28.18,BLUE,"{'financial': 'Allocation is within the expected state range around the median ₹147,000,000.00.', 'duplicate': 'No duplicate risk signal detected from name/constituency/state similarity.', 'performance': 'Spending exceeds expected benchmarks moderately: ₹107,163,826.66 vs ₹65,227,773.79.', 'combined': 'Overall risk level BLUE from financial, duplicate, and performance indicators.'}","{'financial': 20, 'duplicate': 0, 'performance': 50}"
389,Uttar Pradesh,Ravindra Shyamnarayan Alias Ravi Kishan Shukla,GORAKHPUR,147000000.0,6,90.57865002156342,81.13685253999971,147000000.0,1.0,0.0,False,False,0.8957613358190261,20,0,0,14.55,GREEN,"{'financial': 'Allocation is within the expected state range around the median ₹147,000,000.00.', 'duplicate': 'No duplicate risk signal detected from name/constituency/state similarity.', 'performance': 'Spending is aligned with expected completion output: ₹133,150,615.53 vs ₹119,271,173.23.', 'combined': 'Overall risk level GREEN from financial, duplicate, and performance indicators.'}","{'financial': 20, 'duplicate': 0, 'performance': 0}"
390,Maharashtra,Ravindra Vasantrao Chavan,NANDED,147000000.0,10,45.39743889301887,38.40684986730996,147000000.0,1.0,0.0,False,False,0.8460135814669512,20,0,0,14.55,GREEN,"{'financial': 'Allocation is within the expected state range around the median ₹147,000,000.00.', 'duplicate': 'No duplicate risk signal detected from name/constituency/state similarity.', 'performance': 'Spending is aligned with expected completion output: ₹66,734,235.17 vs ₹56,458,069.30.', 'combined': 'Overall risk level GREEN from financial, duplicate, and performance indicators.'}","{'financial': 20, 'duplicate': 0, 'performance': 0}"
391,Mizoram,RICHARD VANLALHMANGAIHA,MIZORAM (ST),147000000.0,9,56.82728036084875,52.350050454776,147000000.0,1.0,0.0,False,False,0.9212133700989616,20,0,0,14.55,GREEN,"{'financial': 'Allocation is within the expected state range around the median ₹147,000,000.00.', 'duplicate': 'No duplicate risk signal detected from name/constituency/state similarity.', 'performance': 'Spending is aligned with expected completion output: ₹83,536,102.13 vs ₹76,954,574.17.', 'combined': 'Overall risk level GREEN from financial, duplicate, and performance indicators.'}","{'financial': 20, 'duplicate': 0, 'performance': 0}"
392,Tamil Nadu,ROBERT BRUCE C,TIRUNELVELI,147475440.11,13,92.68645590424194,87.24526373255824,147000000.0,1.0,475440.1100000143,True,False,0.9412946355689206,80,0,0,30.91,BLUE,"{'financial': 'Allocation is 3x above the state median threshold: ₹147,475,440.11 > ₹147,000,003.00.', 'duplicate': 'No duplicate risk signal detected from name/constituency/state similarity.', 'performance': 'Spending is aligned with expected completion output: ₹136,689,758.77 vs ₹128,665,336.66.', 'combined': 'Overall risk level BLUE from financial, duplicate, and performance indicators.'}","{'financial': 80, 'duplicate': 0, 'performance': 0}"
393,Madhya Pradesh,Rodmal Nagar,RAJGARH,147000000.0,13,94.46574629830604,57.859956935101806,147000000.0,1.0,0.0,False,False,0.6124966900953743,20,0,80,36.36,BLUE,"{'financial': 'Allocation is within the expected state range around the median ₹147,000,000.00.', 'duplicate': 'No duplicate risk signal detected from name/constituency/state similarity.', 'performance': 'Spending is materially higher than expected for the completion rate: ₹138,864,647.06 vs ₹85,054,136.69.', 'combined': 'Overall risk level BLUE from financial, duplicate, and performance indicators.'}","{'financial': 20, 'duplicate': 0, 'performance': 80}"
394,Chhattisgarh,ROOP KUMARI CHOUDHARY,MAHASAMUND,153035414.0,15,90.7077060490397,59.8390526003117,150384382.11,3384382.1100000143,0.7833134096078691,False,False,0.6596909480652134,20,0,80,36.36,BLUE,"{'financial': 'Allocation is within the expected state range around the median ₹150,384,382.11.', 'duplicate': 'No duplicate risk signal detected from name/constituency/state similarity.', 'performance': 'Spending is materially higher than expected for the completion rate: ₹138,814,913.48 vs ₹91,574,941.88.', 'combined': 'Overall risk level BLUE from financial, duplicate, and performance indicators.'}","{'financial': 20, 'duplicate': 0, 'performance': 80}"
395,Uttar Pradesh,RUCHI VIRA,MORADABAD,147000000.0,15,40.977602175350256,23.97355947189986,147000000.0,1.0,0.0,False,False,0.5850405636062561,20,0,50,28.18,BLUE,"{'financial': 'Allocation is within the expected state range around the median ₹147,000,000.00.', 'duplicate': 'No duplicate risk signal detected from name/constituency/state similarity.', 'performance': 'Spending exceeds expected benchmarks moderately: ₹60,237,075.20 vs ₹35,241,132.42.', 'combined': 'Overall risk level BLUE from financial, duplicate, and performance indicators.'}","{'financial': 20, 'duplicate': 0, 'performance': 50}"
396,Odisha,RUDRA NARAYAN PANY,DHENKANAL,155013957.11,5,48.74461183341273,80.0872226112212,147000000.0,1.0,8013957.110000014,True,False,1.6429964174281146,80,0,0,30.91,BLUE,"{'financial': 'Allocation is 3x above the state median threshold: ₹155,013,957.11 > ₹147,000,003.00.', 'duplicate': 'No duplicate risk signal detected from name/constituency/state similarity.', 'performance': 'Spending is aligned with expected completion output: ₹75,560,951.68 vs ₹124,146,372.91.', 'combined': 'Overall risk level BLUE from financial, duplicate, and performance indicators.'}","{'financial': 80, 'duplicate': 0, 'performance': 0}"
397,Nagaland,S SUPONGMEREN JAMIR,NAGALAND,147000000.0,7,63.585985452836695,99.10969194662265,147000000.0,1.0,0.0,False,False,1.558671950128614,20,0,0,14.55,GREEN,"{'financial': 'Allocation is within the expected state range around the median ₹147,000,000.00.', 'duplicate': 'No duplicate risk signal detected from name/constituency/state similarity.', 'performance': 'Spending is aligned with expected completion output: ₹93,471,398.62 vs ₹145,691,247.16.', 'combined': 'Overall risk level GREEN from financial, duplicate, and performance indicators.'}","{'financial': 20, 'duplicate': 0, 'performance': 0}"
398,Tamil Nadu,S Venkatesan,MADURAI,147000000.0,7,87.30110065208493,61.66798251205904,147000000.0,1.0,0.0,False,False,0.7063826463977838,20,0,50,28.18,BLUE,"{'financial': 'Allocation is within the expected state range around the median ₹147,000,000.00.', 'duplicate': 'No duplicate risk signal detected from name/constituency/state similarity.', 'performance': 'Spending exceeds expected benchmarks moderately: ₹128,332,617.96 vs ₹90,651,934.29.', 'combined': 'Overall risk level BLUE from financial, duplicate, and performance indicators.'}","{'financial': 20, 'duplicate': 0, 'performance': 50}"
399,Tamil Nadu,S. Jagathrakshakan,ARAKKONAM,180589332.34,14,38.12864998043232,96.4282399841902,147000000.0,1.0,33589332.34,True,False,2.0,80,0,0,30.91,BLUE,"{'financial': 'Allocation is 3x above the state median threshold: ₹180,589,332.34 > ₹147,000,003.00.', 'duplicate': 'No duplicate risk signal detected from name/constituency/state similarity.', 'performance': 'Spending is aligned with expected completion output: ₹68,856,274.43 vs ₹174,139,114.77.', 'combined': 'Overall risk level BLUE from financial, duplicate, and performance indicators.'}","{'financial': 80, 'duplicate': 0, 'performance': 0}"
400,Tamil Nadu,SACHITHANANTHAM R,DINDIGUL,147000000.0,6,63.03288041443999,20.258952616012653,147000000.0,1.0,0.0,False,False,0.3214029326093053,20,0,80,36.36,BLUE,"{'financial': 'Allocation is within the expected state range around the median ₹147,000,000.00.', 'duplicate': 'No duplicate risk signal detected from name/constituency/state similarity.', 'performance': 'Spending is materially higher than expected for the completion rate: ₹92,658,334.21 vs ₹29,780,660.35.', 'combined': 'Overall risk level BLUE from financial, duplicate, and performance indicators.'}","{'financial': 20, 'duplicate': 0, 'performance': 80}"
401,Karnataka,SAGAR ESHWAR KHANDRE,BIDAR,147000000.0,14,43.97001992356488,45.32472790250925,147000000.0,1.0,0.0,False,False,1.0308098104412808,20,0,0,14.55,GREEN,"{'financial': 'Allocation is within the expected state range around the median ₹147,000,000.00.', 'duplicate': 'No duplicate risk signal detected from name/constituency/state similarity.', 'performance': 'Spending is aligned with expected completion output: ₹64,635,929.29 vs ₹66,627,350.02.', 'combined': 'Overall risk level GREEN from financial, duplicate, and performance indicators.'}","{'financial': 20, 'duplicate': 0, 'performance': 0}"
402,Meghalaya,SALENG A SANGMA,TURA,147000000.0,5,75.3845271434769,35.526964932742445,122500000.0,24500000.0,1.0,False,False,0.471276617085163,20,0,80,36.36,BLUE,"{'financial': 'Allocation is within the expected state range around the median ₹122,500,000.00.', 'duplicate': 'No duplicate risk signal detected from name/constituency/state similarity.', 'performance': 'Spending is materially higher than expected for the completion rate: ₹110,815,254.90 vs ₹52,224,638.45.', 'combined': 'Overall risk level BLUE from financial, duplicate, and performance indicators.'}","{'financial': 20, 'duplicate': 0, 'performance': 80}"
403,Odisha,SAMBIT PATRA,PURI,147000000.0,7,78.07486441160731,26.997885279090053,147000000.0,1.0,0.0,False,False,0.3457948404080264,20,0,80,36.36,BLUE,"{'financial': 'Allocation is within the expected state range around the median ₹147,000,000.00.', 'duplicate': 'No duplicate risk signal detected from name/constituency/state similarity.', 'performance': 'Spending is materially higher than expected for the completion rate: ₹114,770,050.69 vs ₹39,686,891.36.', 'combined': 'Overall risk level BLUE from financial, duplicate, and performance indicators.'}","{'financial': 20, 'duplicate': 0, 'performance': 80}"
404,Uttar Pradesh,SANATAN PANDEY,BALLIA,180420041.4,8,38.66525864332517,24.469141434859,147000000.0,1.0,33420041.40000001,True,False,0.6328456680085636,80,0,0,30.91,BLUE,"{'financial': 'Allocation is 3x above the state median threshold: ₹180,420,041.40 > ₹147,000,003.00.', 'duplicate': 'No duplicate risk signal detected from name/constituency/state similarity.', 'performance': 'Spending is aligned with expected completion output: ₹69,759,875.65 vs ₹44,147,235.11.', 'combined': 'Overall risk level BLUE from financial, duplicate, and performance indicators.'}","{'financial': 80, 'duplicate': 0, 'performance': 0}"
405,Maharashtra,SANJAY DINA PATIL,MUMBAI NORTH EAST,147000000.0,14,88.028370320195,39.45165031573313,147000000.0,1.0,0.0,False,False,0.4481697226954382,20,0,80,36.36,BLUE,"{'financial': 'Allocation is within the expected state range around the median ₹147,000,000.00.', 'duplicate': 'No duplicate risk signal detected from name/constituency/state similarity.', 'performance': 'Spending is materially higher than expected for the completion rate: ₹129,401,704.37 vs ₹57,993,925.96.', 'combined': 'Overall risk level BLUE from financial, duplicate, and performance indicators.'}","{'financial': 20, 'duplicate': 0, 'performance': 80}"
406,Maharashtra,Sanjay Haribhau Jadhav,PARBHANI,147000000.0,13,47.2448097638221,88.54813787613165,147000000.0,1.0,0.0,False,False,1.87424054237462,20,0,0,14.55,GREEN,"{'financial': 'Allocation is within the expected state range around the median ₹147,000,000.00.', 'duplicate': 'No duplicate risk signal detected from name/constituency/state similarity.', 'performance': 'Spending is aligned with expected completion output: ₹69,449,870.35 vs ₹130,165,762.68.', 'combined': 'Overall risk level GREEN from financial, duplicate, and performance indicators.'}","{'financial': 20, 'duplicate': 0, 'performance': 0}"
407,Bihar,Sanjay Jaiswal,PASCHIM CHAMPARAN,147000000.0,14,67.92398070083651,34.53637791381424,147000000.0,1.0,0.0,False,False,0.5084563295241163,20,0,80,36.36,BLUE,"{'financial': 'Allocation is within the expected state range around the median ₹147,000,000.00.', 'duplicate': 'No duplicate risk signal detected from name/constituency/state similarity.', 'performance': 'Spending is materially higher than expected for the completion rate: ₹99,848,251.63 vs ₹50,768,475.53.', 'combined': 'Overall risk level BLUE from financial, duplicate, and performance indicators.'}","{'financial': 20, 'duplicate': 0, 'performance': 80}"
408,Telangana,Sanjay Kumar Bandi,KARIMNAGAR,172775317.11,14,84.11430127339761,56.96531288279335,147000000.0,1.0,25775317.11000001,True,False,0.677236950440073,80,0,50,44.55,BLUE,"{'financial': 'Allocation is 3x above the state median threshold: ₹172,775,317.11 > ₹147,000,003.00.', 'duplicate': 'No duplicate risk signal detected from name/constituency/state similarity.', 'performance': 'Spending exceeds expected benchmarks moderately: ₹145,328,750.76 vs ₹98,421,999.98.', 'combined': 'Overall risk level BLUE from financial, duplicate, and performance indicators.'}","{'financial': 80, 'duplicate': 0, 'performance': 50}"
409,Jharkhand,Sanjay Seth,RANCHI,147064357.11,6,47.081452954677,34.4273958651327,147000000.0,1.0,64357.11000001431,True,False,0.7312305314424826,80,0,0,30.91,BLUE,"{'financial': 'Allocation is 3x above the state median threshold: ₹147,064,357.11 > ₹147,000,003.00.', 'duplicate': 'No duplicate risk signal detected from name/constituency/state similarity.', 'performance': 'Spending is aligned with expected completion output: ₹69,240,036.11 vs ₹50,630,428.40.', 'combined': 'Overall risk level BLUE from financial, duplicate, and performance indicators.'}","{'financial': 80, 'duplicate': 0, 'performance': 0}"
410,Maharashtra,Sanjay Uttamrao Deshmukh,YAVATMAL-WASHIM,185640423.0,7,46.48805025671534,90.8025470782175,147000000.0,1.0,38640423.0,True,False,1.9532449000719447,80,0,0,30.91,BLUE,"{'financial': 'Allocation is 3x above the state median threshold: ₹185,640,423.00 > ₹147,000,003.00.', 'duplicate': 'No duplicate risk signal detected from name/constituency/state similarity.', 'performance': 'Spending is aligned with expected completion output: ₹86,300,613.14 vs ₹168,566,232.49.', 'combined': 'Overall risk level BLUE from financial, duplicate, and performance indicators.'}","{'financial': 80, 'duplicate': 0, 'performance': 0}"
411,Rajasthan,SANJNA JATAV,BHARATPUR(SC),147000000.0,9,81.57612730044005,61.06563797512959,147000000.0,1.0,0.0,False,False,0.7485724070993033,20,0,50,28.18,BLUE,"{'financial': 'Allocation is within the expected state range around the median ₹147,000,000.00.', 'duplicate': 'No duplicate risk signal detected from name/constituency/state similarity.', 'performance': 'Spending exceeds expected benchmarks moderately: ₹119,916,907.13 vs ₹89,766,487.82.', 'combined': 'Overall risk level BLUE from financial, duplicate, and performance indicators.'}","{'financial': 20, 'duplicate': 0, 'performance': 50}"
412,Chhattisgarh,Santosh Pandey,RAJNANDGAON,147000000.0,5,90.885942150471,58.019036862786194,150384382.11,3384382.1100000143,-1.0,False,False,0.6383719581927173,20,0,80,36.36,BLUE,"{'financial': 'Allocation is within the expected state range around the median ₹150,384,382.11.', 'duplicate': 'No duplicate risk signal detected from name/constituency/state similarity.', 'performance': 'Spending is materially higher than expected for the completion rate: ₹133,602,334.96 vs ₹85,287,984.19.', 'combined': 'Overall risk level BLUE from financial, duplicate, and performance indicators.'}","{'financial': 20, 'duplicate': 0, 'performance': 80}"
413,Odisha,Saptagiri Sankar Ulaka,KORAPUT(ST),269500000.0,11,63.22212520053603,59.35485560788658,147000000.0,1.0,122500000.0,True,False,0.9388304398122848,80,0,0,30.91,BLUE,"{'financial': 'Allocation is 3x above the state median threshold: ₹269,500,000.00 > ₹147,000,003.00.', 'duplicate': 'No duplicate risk signal detected from name/constituency/state similarity.', 'performance': 'Spending is aligned with expected completion output: ₹170,383,627.42 vs ₹159,961,335.86.', 'combined': 'Overall risk level BLUE from financial, duplicate, and performance indicators.'}","{'financial': 80, 'duplicate': 0, 'performance': 0}"
414,Punjab,SARABJEET SINGH KHALSA,FARIDKOT(SC),150850348.15,7,36.9373810432533,51.488640085862826,147000000.0,1.0,3850348.150000006,True,False,1.393943983889116,80,0,0,30.91,BLUE,"{'financial': 'Allocation is 3x above the state median threshold: ₹150,850,348.15 > ₹147,000,003.00.', 'duplicate': 'No duplicate risk signal detected from name/constituency/state similarity.', 'performance': 'Spending is aligned with expected completion output: ₹55,720,167.90 vs ₹77,670,792.83.', 'combined': 'Overall risk level BLUE from financial, duplicate, and performance indicators.'}","{'financial': 80, 'duplicate': 0, 'performance': 0}"
415,Tamil Nadu,Sasikanth Senthil,TIRUVALLUR(SC),171500000.0,7,89.12183368740133,71.48237205063212,147000000.0,1.0,24500000.0,True,False,0.8020747452454763,80,0,50,44.55,BLUE,"{'financial': 'Allocation is 3x above the state median threshold: ₹171,500,000.00 > ₹147,000,003.00.', 'duplicate': 'No duplicate risk signal detected from name/constituency/state similarity.', 'performance': 'Spending exceeds expected benchmarks moderately: ₹152,843,944.77 vs ₹122,592,268.07.', 'combined': 'Overall risk level BLUE from financial, duplicate, and performance indicators.'}","{'financial': 80, 'duplicate': 0, 'performance': 50}"
416,Haryana,SATPAL BRAHAMCHARI,SONEPAT,147000000.0,13,77.9474887290676,43.53284948014918,147000000.0,1.0,0.0,False,False,0.558489441930093,20,0,80,36.36,BLUE,"{'financial': 'Allocation is within the expected state range around the median ₹147,000,000.00.', 'duplicate': 'No duplicate risk signal detected from name/constituency/state similarity.', 'performance': 'Spending is materially higher than expected for the completion rate: ₹114,582,808.43 vs ₹63,993,288.74.', 'combined': 'Overall risk level BLUE from financial, duplicate, and performance indicators.'}","{'financial': 20, 'duplicate': 0, 'performance': 80}"
417,West Bengal,Saumitra khan,BISHNUPUR(SC),147000000.0,11,46.92513708463533,35.151155011676224,147000000.0,1.0,0.0,False,False,0.7490900867966935,20,0,0,14.55,GREEN,"{'financial': 'Allocation is within the expected state range around the median ₹147,000,000.00.', 'duplicate': 'No duplicate risk signal detected from name/constituency/state similarity.', 'performance': 'Spending is aligned with expected completion output: ₹68,979,951.51 vs ₹51,672,197.87.', 'combined': 'Overall risk level GREEN from financial, duplicate, and performance indicators.'}","{'financial': 20, 'duplicate': 0, 'performance': 0}"
418,Madhya Pradesh,SAVITRI THAKUR,DHAR(ST),147000000.0,9,33.60554833064714,98.027211743918,147000000.0,1.0,0.0,False,False,2.0,20,0,0,14.55,GREEN,"{'financial': 'Allocation is within the expected state range around the median ₹147,000,000.00.', 'duplicate': 'No duplicate risk signal detected from name/constituency/state similarity.', 'performance': 'Spending is aligned with expected completion output: ₹49,400,156.05 vs ₹144,100,001.26.', 'combined': 'Overall risk level GREEN from financial, duplicate, and performance indicators.'}","{'financial': 20, 'duplicate': 0, 'performance': 0}"
419,West Bengal,SAYANI GHOSH,JADAVPUR,147000000.0,8,56.450737757961406,71.31697736850329,147000000.0,1.0,0.0,False,False,1.2633488985437618,20,0,0,14.55,GREEN,"{'financial': 'Allocation is within the expected state range around the median ₹147,000,000.00.', 'duplicate': 'No duplicate risk signal detected from name/constituency/state similarity.', 'performance': 'Spending is aligned with expected completion output: ₹82,982,584.50 vs ₹104,835,956.73.', 'combined': 'Overall risk level GREEN from financial, duplicate, and performance indicators.'}","{'financial': 20, 'duplicate': 0, 'performance': 0}"
420,Haryana,SELJA,SIRSA(SC),147000000.0,14,41.46692911393257,84.62877545387842,147000000.0,1.0,0.0,False,False,2.0,20,0,0,14.55,GREEN,"{'financial': 'Allocation is within the expected state range around the median ₹147,000,000.00.', 'duplicate': 'No duplicate risk signal detected from name/constituency/state similarity.', 'performance': 'Spending is aligned with expected completion output: ₹60,956,385.80 vs ₹124,404,299.92.', 'combined': 'Overall risk level GREEN from financial, duplicate, and performance indicators.'}","{'financial': 20, 'duplicate': 0, 'performance': 0}"
421,Tamil Nadu,SELVAGANAPATHI T M,SALEM,147000000.0,10,79.56858864789706,35.27223664890326,147000000.0,1.0,0.0,False,False,0.4432934811121032,20,0,80,36.36,BLUE,"{'financial': 'Allocation is within the expected state range around the median ₹147,000,000.00.', 'duplicate': 'No duplicate risk signal detected from name/constituency/state similarity.', 'performance': 'Spending is materially higher than expected for the completion rate: ₹116,965,825.31 vs ₹51,850,187.87.', 'combined': 'Overall risk level BLUE from financial, duplicate, and performance indicators.'}","{'financial': 20, 'duplicate': 0, 'performance': 80}"
422,Tamil Nadu,SELVARAJ V,NAGAPATTINAM(SC),147000000.0,6,36.64490332945565,84.51091110040306,147000000.0,1.0,0.0,False,False,2.0,20,0,0,14.55,GREEN,"{'financial': 'Allocation is within the expected state range around the median ₹147,000,000.00.', 'duplicate': 'No duplicate risk signal detected from name/constituency/state similarity.', 'performance': 'Spending is aligned with expected completion output: ₹53,868,007.89 vs ₹124,231,039.32.', 'combined': 'Overall risk level GREEN from financial, duplicate, and performance indicators.'}","{'financial': 20, 'duplicate': 0, 'performance': 0}"
423,Kerala,SHAFI PARAMBIL,VADAKARA,147000000.0,14,58.24171897946269,59.82783332289817,147000000.0,4877316.555000007,0.0,False,False,1.0272333023686129,20,0,0,14.55,GREEN,"{'financial': 'Allocation is within the expected state range around the median ₹147,000,000.00.', 'duplicate': 'No duplicate risk signal detected from name/constituency/state similarity.', 'performance': 'Spending is aligned with expected completion output: ₹85,615,326.90 vs ₹87,946,914.98.', 'combined': 'Overall risk level GREEN from financial, duplicate, and performance indicators.'}","{'financial': 20, 'duplicate': 0, 'performance': 0}"
424,Bihar,SHAMBHAVI,SAMASTIPUR(SC),147000000.0,7,61.87565466868082,40.34392755041046,147000000.0,1.0,0.0,False,False,0.6520161728621042,20,0,50,28.18,BLUE,"{'financial': 'Allocation is within the expected state range around the median ₹147,000,000.00.', 'duplicate': 'No duplicate risk signal detected from name/constituency/state similarity.', 'performance': 'Spending exceeds expected benchmarks moderately: ₹90,957,212.36 vs ₹59,305,573.50.', 'combined': 'Overall risk level BLUE from financial, duplicate, and performance indicators.'}","{'financial': 20, 'duplicate': 0, 'performance': 50}"
425,Madhya Pradesh,Shankar Lalwani,INDORE,147000000.0,5,79.31825151525956,84.97707465711613,147000000.0,1.0,0.0,False,False,1.0713432663195797,20,0,0,14.55,GREEN,"{'financial': 'Allocation is within the expected state range around the median ₹147,000,000.00.', 'duplicate': 'No duplicate risk signal detected from name/constituency/state similarity.', 'performance': 'Spending is aligned with expected completion output: ₹116,597,829.73 vs ₹124,916,299.75.', 'combined': 'Overall risk level GREEN from financial, duplicate, and performance indicators.'}","{'financial': 20, 'duplicate': 0, 'performance': 0}"
426,Uttar Pradesh,SHASHANK MANI,DEORIA,147000000.0,10,83.61358112707994,65.66075030311345,147000000.0,1.0,0.0,False,False,0.7852881005457604,20,0,50,28.18,BLUE,"{'financial': 'Allocation is within the expected state range around the median ₹147,000,000.00.', 'duplicate': 'No duplicate risk signal detected from name/constituency/state similarity.', 'performance': 'Spending exceeds expected benchmarks moderately: ₹122,911,964.26 vs ₹96,521,302.95.', 'combined': 'Overall risk level BLUE from financial, duplicate, and performance indicators.'}","{'financial': 20, 'duplicate': 0, 'performance': 50}"
427,West Bengal,Shatrughan Sinha,ASANSOL,147000000.0,8,48.79663909611338,31.97754119181444,147000000.0,1.0,0.0,False,False,0.6553226161504518,20,0,50,28.18,BLUE,"{'financial': 'Allocation is within the expected state range around the median ₹147,000,000.00.', 'duplicate': 'No duplicate risk signal detected from name/constituency/state similarity.', 'performance': 'Spending exceeds expected benchmarks moderately: ₹71,731,059.47 vs ₹47,006,985.55.', 'combined': 'Overall risk level BLUE from financial, duplicate, and performance indicators.'}","{'financial': 20, 'duplicate': 0, 'performance': 50}"
428,Punjab,SHER SINGH GHUBAYA,FIROZPUR,147000000.0,11,78.32693164829072,74.59749274263334,147000000.0,1.0,0.0,False,False,0.9523862504610344,20,0,0,14.55,GREEN,"{'financial': 'Allocation is within the expected state range around the median ₹147,000,000.00.', 'duplicate': 'No duplicate risk signal detected from name/constituency/state similarity.', 'performance': 'Spending is aligned with expected completion output: ₹115,140,589.52 vs ₹109,658,314.33.', 'combined': 'Overall risk level GREEN from financial, duplicate, and performance indicators.'}","{'financial': 20, 'duplicate': 0, 'performance': 0}"
429,Madhya Pradesh,SHIVMANGAL SINGH TOMAR,MORENA,147000000.0,5,76.76563742868646,23.07600428315224,147000000.0,1.0,0.0,False,False,0.3006033045005237,20,0,80,36.36,BLUE,"{'financial': 'Allocation is within the expected state range around the median ₹147,000,000.00.', 'duplicate': 'No duplicate risk signal detected from name/constituency/state similarity.', 'performance': 'Spending is materially higher than expected for the completion rate: ₹112,845,487.02 vs ₹33,921,726.30.', 'combined': 'Overall risk level BLUE from financial, duplicate, and performance indicators.'}","{'financial': 20, 'duplicate': 0, 'performance': 80}"
430,Madhya Pradesh,SHIVRAJ SINGH CHOUHAN,VIDISHA,147000000.0,9,31.5983829981534,26.079860987539007,147000000.0,1.0,0.0,False,False,0.8253542907263042,20,0,0,14.55,GREEN,"{'financial': 'Allocation is within the expected state range around the median ₹147,000,000.00.', 'duplicate': 'No duplicate risk signal detected from name/constituency/state similarity.', 'performance': 'Spending is aligned with expected completion output: ₹46,449,623.01 vs ₹38,337,395.65.', 'combined': 'Overall risk level GREEN from financial, duplicate, and performance indicators.'}","{'financial': 20, 'duplicate': 0, 'performance': 0}"
431,Karnataka,SHOBHA KARANDLAJE,BANGALORE NORTH,147000000.0,7,48.72366662569055,77.0459734639664,147000000.0,1.0,0.0,False,False,1.5812843901066824,20,0,0,14.55,GREEN,"{'financial': 'Allocation is within the expected state range around the median ₹147,000,000.00.', 'duplicate': 'No duplicate risk signal detected from name/constituency/state similarity.', 'performance': 'Spending is aligned with expected completion output: ₹71,623,789.94 vs ₹113,257,580.99.', 'combined': 'Overall risk level GREEN from financial, duplicate, and performance indicators.'}","{'financial': 20, 'duplicate': 0, 'performance': 0}"
432,Gujarat,SHOBHANABEN MAHENDRASINH BARAIYA,SABARKANTHA,147000000.0,14,74.76151715931007,26.904250868514204,147000000.0,1.0,0.0,False,False,0.359867641679658,20,0,80,36.36,BLUE,"{'financial': 'Allocation is within the expected state range around the median ₹147,000,000.00.', 'duplicate': 'No duplicate risk signal detected from name/constituency/state similarity.', 'performance': 'Spending is materially higher than expected for the completion rate: ₹109,899,430.22 vs ₹39,549,248.78.', 'combined': 'Overall risk level BLUE from financial, duplicate, and performance indicators.'}","{'financial': 20, 'duplicate': 0, 'performance': 80}"
433,Karnataka,SHREYAS. M. PATEL,HASSAN,147000000.0,9,71.43265157712875,35.54521545467486,147000000.0,1.0,0.0,False,False,0.4976045921562248,20,0,80,36.36,BLUE,"{'financial': 'Allocation is within the expected state range around the median ₹147,000,000.00.', 'duplicate': 'No duplicate risk signal detected from name/constituency/state similarity.', 'performance': 'Spending is materially higher than expected for the completion rate: ₹105,005,997.82 vs ₹52,251,466.72.', 'combined': 'Overall risk level BLUE from financial, duplicate, and performance indicators.'}","{'financial': 20, 'duplicate': 0, 'performance': 80}"
434,Haryana,Shri  Dharambir Singh,BHIWANI MAHENDRAGARH,147000000.0,11,53.73171504626463,31.72290827857157,147000000.0,1.0,0.0,False,False,0.5903944858498781,20,0,50,28.18,BLUE,"{'financial': 'Allocation is within the expected state range around the median ₹147,000,000.00.', 'duplicate': 'No duplicate risk signal detected from name/constituency/state similarity.', 'performance': 'Spending exceeds expected benchmarks moderately: ₹78,985,621.12 vs ₹46,632,675.17.', 'combined': 'Overall risk level BLUE from financial, duplicate, and performance indicators.'}","{'financial': 20, 'duplicate': 0, 'performance': 50}"
435,West Bengal,Shri Abhishek Banerjee,DIAMOND HARBOUR,147000000.0,6,78.11634450640386,46.43912468141345,147000000.0,1.0,0.0,False,False,0.5944866592881396,20,0,80,36.36,BLUE,"{'financial': 'Allocation is within the expected state range around the median ₹147,000,000.00.', 'duplicate': 'No duplicate risk signal detected from name/constituency/state similarity.', 'performance': 'Spending is materially higher than expected for the completion rate: ₹114,831,026.42 vs ₹68,265,513.28.', 'combined': 'Overall risk level BLUE from financial, duplicate, and performance indicators.'}","{'financial': 20, 'duplicate': 0, 'performance': 80}"
436,Punjab,Shri Amar Singh,FATEHGARH SAHIB(SC),147000000.0,9,60.43749728611146,96.98098951402336,147000000.0,1.0,0.0,False,False,1.6046493297846995,20,0,0,14.55,GREEN,"{'financial': 'Allocation is within the expected state range around the median ₹147,000,000.00.', 'duplicate': 'No duplicate risk signal detected from name/constituency/state similarity.', 'performance': 'Spending is aligned with expected completion output: ₹88,843,121.01 vs ₹142,562,054.59.', 'combined': 'Overall risk level GREEN from financial, duplicate, and performance indicators.'}","{'financial': 20, 'duplicate': 0, 'performance': 0}"
437,Gujarat,Shri Amit Shah,GANDHINAGAR,147000000.0,15,47.91468978508475,44.56584119510214,147000000.0,1.0,0.0,False,False,0.9301081024419976,20,0,0,14.55,GREEN,"{'financial': 'Allocation is within the expected state range around the median ₹147,000,000.00.', 'duplicate': 'No duplicate risk signal detected from name/constituency/state similarity.', 'performance': 'Spending is aligned with expected completion output: ₹70,434,593.98 vs ₹65,511,786.56.', 'combined': 'Overall risk level GREEN from financial, duplicate, and performance indicators.'}","{'financial': 20, 'duplicate': 0, 'performance': 0}"
438,Madhya Pradesh,Shri Anil Firojiya,UJJAIN(SC),147000000.0,9,56.35655591667489,60.61627457185929,147000000.0,1.0,0.0,False,False,1.0755851486290708,20,0,0,14.55,GREEN,"{'financial': 'Allocation is within the expected state range around the median ₹147,000,000.00.', 'duplicate': 'No duplicate risk signal detected from name/constituency/state similarity.', 'performance': 'Spending is aligned with expected completion output: ₹82,844,137.20 vs ₹89,105,923.62.', 'combined': 'Overall risk level GREEN from financial, duplicate, and performance indicators.'}","{'financial': 20, 'duplicate': 0, 'performance': 0}"
439,Rajasthan,Shri Arjun Ram Meghwal,BIKANER(SC),147000000.0,12,76.62387883278912,45.80417966133584,147000000.0,1.0,0.0,False,False,0.5977794436808801,20,0,80,36.36,BLUE,"{'financial': 'Allocation is within the expected state range around the median ₹147,000,000.00.', 'duplicate': 'No duplicate risk signal detected from name/constituency/state similarity.', 'performance': 'Spending is materially higher than expected for the completion rate: ₹112,637,101.88 vs ₹67,332,144.10.', 'combined': 'Overall risk level BLUE from financial, duplicate, and performance indicators.'}","{'financial': 20, 'duplicate': 0, 'performance': 80}"
440,Uttar Pradesh,Shri Arun Kumar Sagar,SHAHJAHANPUR(SC),147000000.0,5,91.59980721089738,73.3866866788739,147000000.0,1.0,0.0,False,False,0.8011663879369311,20,0,50,28.18,BLUE,"{'financial': 'Allocation is within the expected state range around the median ₹147,000,000.00.', 'duplicate': 'No duplicate risk signal detected from name/constituency/state similarity.', 'performance': 'Spending exceeds expected benchmarks moderately: ₹134,651,716.60 vs ₹107,878,429.42.', 'combined': 'Overall risk level BLUE from financial, duplicate, and performance indicators.'}","{'financial': 20, 'duplicate': 0, 'performance': 50}"
441,Karnataka,Shri B Y Raghavendra,SHIMOGA,147000000.0,12,30.551783681630592,23.104121450291952,147000000.0,1.0,0.0,False,False,0.7562282350206421,20,0,0,14.55,GREEN,"{'financial': 'Allocation is within the expected state range around the median ₹147,000,000.00.', 'duplicate': 'No duplicate risk signal detected from name/constituency/state similarity.', 'performance': 'Spending is aligned with expected completion output: ₹44,911,122.01 vs ₹33,963,058.53.', 'combined': 'Overall risk level GREEN from financial, duplicate, and performance indicators.'}","{'financial': 20, 'duplicate': 0, 'performance': 0}"
442,Kerala,Shri Benny Behanan,CHALAKUDY,164674770.11,7,41.28470748640323,35.72400182348338,147000000.0,4877316.555000007,3.623871838271525,True,False,0.8653083429317933,80,0,0,30.91,BLUE,"{'financial': 'Allocation is 3x above the state median threshold: ₹164,674,770.11 > ₹161,631,949.67.', 'duplicate': 'No duplicate risk signal detected from name/constituency/state similarity.', 'performance': 'Spending is aligned with expected completion output: ₹67,985,497.14 vs ₹58,828,417.88.', 'combined': 'Overall risk level BLUE from financial, duplicate, and performance indicators.'}","{'financial': 80, 'duplicate': 0, 'performance': 0}"
443,Odisha,Shri Bhartruhari Mahtab,CUTTACK,147000000.0,5,81.30718808950948,40.59750526080133,147000000.0,1.0,0.0,False,False,0.4993101620499818,20,0,80,36.36,BLUE,"{'financial': 'Allocation is within the expected state range around the median ₹147,000,000.00.', 'duplicate': 'No duplicate risk signal detected from name/constituency/state similarity.', 'performance': 'Spending is materially higher than expected for the completion rate: ₹119,521,566.49 vs ₹59,678,332.73.', 'combined': 'Overall risk level BLUE from financial, duplicate, and performance indicators.'}","{'financial': 20, 'duplicate': 0, 'performance': 80}"
444,Jharkhand,Shri Chandra Prakash Choudhary,GIRIDIH,147000000.0,6,87.57031032306497,22.272976610924992,147000000.0,1.0,0.0,False,False,0.2543439269400254,20,0,80,36.36,BLUE,"{'financial': 'Allocation is within the expected state range around the median ₹147,000,000.00.', 'duplicate': 'No duplicate risk signal detected from name/constituency/state similarity.', 'performance': 'Spending is materially higher than expected for the completion rate: ₹128,728,356.17 vs ₹32,741,275.62.', 'combined': 'Overall risk level BLUE from financial, duplicate, and performance indicators.'}","{'financial': 20, 'duplicate': 0, 'performance': 80}"
445,West Bengal,Shri Deepak (Dev) Adhikari,GHATAL,200747364.0,7,35.60638948894921,80.24401191005283,147000000.0,1.0,53747364.0,True,False,2.0,80,0,0,30.91,BLUE,"{'financial': 'Allocation is 3x above the state median threshold: ₹200,747,364.00 > ₹147,000,003.00.', 'duplicate': 'No duplicate risk signal detected from name/constituency/state similarity.', 'performance': 'Spending is aligned with expected completion output: ₹71,478,888.31 vs ₹161,087,738.68.', 'combined': 'Overall risk level BLUE from financial, duplicate, and performance indicators.'}","{'financial': 80, 'duplicate': 0, 'performance': 0}"
446,Punjab,Shri Gurjeet Singh Aujla,AMRITSAR,147000000.0,7,49.28712960932229,41.91714036160992,147000000.0,1.0,0.0,False,False,0.8504682803374616,20,0,0,14.55,GREEN,"{'financial': 'Allocation is within the expected state range around the median ₹147,000,000.00.', 'duplicate': 'No duplicate risk signal detected from name/constituency/state similarity.', 'performance': 'Spending is aligned with expected completion output: ₹72,452,080.53 vs ₹61,618,196.33.', 'combined': 'Overall risk level GREEN from financial, duplicate, and performance indicators.'}","{'financial': 20, 'duplicate': 0, 'performance': 0}"
447,Rajasthan,Shri Hanuman Beniwal,NAGAUR,147000000.0,5,75.55080374771038,42.14642100901082,147000000.0,1.0,0.0,False,False,0.5578553624624821,20,0,80,36.36,BLUE,"{'financial': 'Allocation is within the expected state range around the median ₹147,000,000.00.', 'duplicate': 'No duplicate risk signal detected from name/constituency/state similarity.', 'performance': 'Spending is materially higher than expected for the completion rate: ₹111,059,681.51 vs ₹61,955,238.88.', 'combined': 'Overall risk level BLUE from financial, duplicate, and performance indicators.'}","{'financial': 20, 'duplicate': 0, 'performance': 80}"
448,Kerala,Shri Hibi Eden,ERNAKULAM,162177260.11,15,81.72884671800729,71.23012444910796,147000000.0,4877316.555000007,3.1118054239151167,True,False,0.8715420235266069,80,0,0,30.91,BLUE,"{'financial': 'Allocation is 3x above the state median threshold: ₹162,177,260.11 > ₹161,631,949.67.', 'duplicate': 'No duplicate risk signal detected from name/constituency/state similarity.', 'performance': 'Spending is aligned with expected completion output: ₹132,545,604.33 vs ₹115,519,064.20.', 'combined': 'Overall risk level BLUE from financial, duplicate, and performance indicators.'}","{'financial': 80, 'duplicate': 0, 'performance': 0}"
449,Bihar,Shri Janardan Singh Sigriwal,MAHARAJGANJ_BR,147000000.0,12,34.28448727119046,47.3380001221898,147000000.0,1.0,0.0,False,False,1.3807410840869807,20,0,0,14.55,GREEN,"{'financial': 'Allocation is within the expected state range around the median ₹147,000,000.00.', 'duplicate': 'No duplicate risk signal detected from name/constituency/state similarity.', 'performance': 'Spending is aligned with expected completion output: ₹50,398,196.29 vs ₹69,586,860.18.', 'combined': 'Overall risk level GREEN from financial, duplicate, and performance indicators.'}","{'financial': 20, 'duplicate': 0, 'performance': 0}"
450,Odisha,Shri Jual Oram,SUNDARGARH (ST),173096756.91,14,52.858977408979655,81.18050122012416,147000000.0,1.0,26096756.91,True,False,1.5357940164452226,80,0,0,30.91,BLUE,"{'financial': 'Allocation is 3x above the state median threshold: ₹173,096,756.91 > ₹147,000,003.00.', 'duplicate': 'No duplicate risk signal detected from name/constituency/state similarity.', 'performance': 'Spending is aligned with expected completion output: ₹91,497,175.63 vs ₹140,520,814.86.', 'combined': 'Overall risk level BLUE from financial, duplicate, and performance indicators.'}","{'financial': 80, 'duplicate': 0, 'performance': 0}"
451,Jammu And Kashmir,Shri Jugal Kishore Sharma,JAMMU,147000000.0,11,68.11840437646174,68.25232895864943,147000000.0,1.0,0.0,False,False,1.001966055773232,20,0,0,14.55,GREEN,"{'financial': 'Allocation is within the expected state range around the median ₹147,000,000.00.', 'duplicate': 'No duplicate risk signal detected from name/constituency/state similarity.', 'performance': 'Spending is aligned with expected completion output: ₹100,134,054.43 vs ₹100,330,923.57.', 'combined': 'Overall risk level GREEN from financial, duplicate, and performance indicators.'}","{'financial': 20, 'duplicate': 0, 'performance': 0}"
452,West Bengal,Shri Jyotirmay Singh Mahato,PURULIA,147000000.0,15,77.00866380153641,32.80274339992246,147000000.0,1.0,0.0,False,False,0.4259617266501384,20,0,80,36.36,BLUE,"{'financial': 'Allocation is within the expected state range around the median ₹147,000,000.00.', 'duplicate': 'No duplicate risk signal detected from name/constituency/state similarity.', 'performance': 'Spending is materially higher than expected for the completion rate: ₹113,202,735.79 vs ₹48,220,032.80.', 'combined': 'Overall risk level BLUE from financial, duplicate, and performance indicators.'}","{'financial': 20, 'duplicate': 0, 'performance': 80}"
453,Tamil Nadu,Shri Karti P Chidambaram,SIVAGANGA,159049284.11,9,50.94519036492298,20.38246430259188,147000000.0,1.0,12049284.110000014,True,False,0.4000861348557391,80,0,80,52.73,YELLOW,"{'financial': 'Allocation is 3x above the state median threshold: ₹159,049,284.11 > ₹147,000,003.00.', 'duplicate': 'No duplicate risk signal detected from name/constituency/state similarity.', 'performance': 'Spending is materially higher than expected for the completion rate: ₹81,027,960.56 vs ₹32,418,163.56.', 'combined': 'Overall risk level YELLOW from financial, duplicate, and performance indicators.'}","{'financial': 80, 'duplicate': 0, 'performance': 80}"
454,Kerala,Shri Kumbakudi Sudhakaran,KANNUR,147000000.0,6,59.58936045765836,42.154376458869926,147000000.0,4877316.555000007,0.0,False,False,0.7074144802883564,20,0,50,28.18,BLUE,"{'financial': 'Allocation is within the expected state range around the median ₹147,000,000.00.', 'duplicate': 'No duplicate risk signal detected from name/constituency/state similarity.', 'performance': 'Spending exceeds expected benchmarks moderately: ₹87,596,359.87 vs ₹61,966,933.39.', 'combined': 'Overall risk level BLUE from financial, duplicate, and performance indicators.'}","{'financial': 20, 'duplicate': 0, 'performance': 50}"
455,Karnataka,Shri LS Tejasvi Surya,BANGALORE SOUTH,147000000.0,6,93.17949738042093,38.06689314792814,147000000.0,1.0,0.0,False,False,0.4085329307209467,20,0,80,36.36,BLUE,"{'financial': 'Allocation is within the expected state range around the median ₹147,000,000.00.', 'duplicate': 'No duplicate risk signal detected from name/constituency/state similarity.', 'performance': 'Spending is materially higher than expected for the completion rate: ₹136,973,861.15 vs ₹55,958,332.93.', 'combined': 'Overall risk level BLUE from financial, duplicate, and performance indicators.'}","{'financial': 20, 'duplicate': 0, 'performance': 80}"
456,Kerala,Shri M K Raghavan,KOZHIKODE,147000000.0,9,30.14231341116281,88.09599661232818,147000000.0,4877316.555000007,0.0,False,False,2.0,20,0,0,14.55,GREEN,"{'financial': 'Allocation is within the expected state range around the median ₹147,000,000.00.', 'duplicate': 'No duplicate risk signal detected from name/constituency/state similarity.', 'performance': 'Spending is aligned with expected completion output: ₹44,309,200.71 vs ₹129,501,115.02.', 'combined': 'Overall risk level GREEN from financial, duplicate, and performance indicators.'}","{'financial': 20, 'duplicate': 0, 'performance': 0}"
457,Uttar Pradesh,Shri Narendra Modi,VARANASI,162070276.11,9,43.07598607425485,89.73658480223783,147000000.0,1.0,15070276.110000014,True,False,2.0,80,0,0,30.91,BLUE,"{'financial': 'Allocation is 3x above the state median threshold: ₹162,070,276.11 > ₹147,000,003.00.', 'duplicate': 'No duplicate risk signal detected from name/constituency/state similarity.', 'performance': 'Spending is aligned with expected completion output: ₹69,813,369.57 vs ₹145,436,330.76.', 'combined': 'Overall risk level BLUE from financial, duplicate, and performance indicators.'}","{'financial': 80, 'duplicate': 0, 'performance': 0}"
458,Kerala,Shri NK Premachandran,KOLLAM,171477994.11,9,34.42133269314882,28.573993496624883,147000000.0,4877316.555000007,5.018742136986427,True,False,0.8301245553549476,80,0,0,30.91,BLUE,"{'financial': 'Allocation is 3x above the state median threshold: ₹171,477,994.11 > ₹161,631,949.67.', 'duplicate': 'No duplicate risk signal detected from name/constituency/state similarity.', 'performance': 'Spending is aligned with expected completion output: ₹59,025,010.85 vs ₹48,998,110.89.', 'combined': 'Overall risk level BLUE from financial, duplicate, and performance indicators.'}","{'financial': 80, 'duplicate': 0, 'performance': 0}"
459,Rajasthan,Shri PP Chaudhary,PALI,147000000.0,6,31.994425784043724,65.95284241211041,147000000.0,1.0,0.0,False,False,2.0,20,0,0,14.55,GREEN,"{'financial': 'Allocation is within the expected state range around the median ₹147,000,000.00.', 'duplicate': 'No duplicate risk signal detected from name/constituency/state similarity.', 'performance': 'Spending is aligned with expected completion output: ₹47,031,805.90 vs ₹96,950,678.35.', 'combined': 'Overall risk level GREEN from financial, duplicate, and performance indicators.'}","{'financial': 20, 'duplicate': 0, 'performance': 0}"
460,Kerala,Shri Rajmohan Unnithan,KASARAGOD,156754633.11,9,33.183660026888326,86.13467148110945,147000000.0,4877316.555000007,2.0,False,False,2.0,20,0,0,14.55,GREEN,"{'financial': 'Allocation is within the expected state range around the median ₹147,000,000.00.', 'duplicate': 'No duplicate risk signal detected from name/constituency/state similarity.', 'performance': 'Spending is aligned with expected completion output: ₹52,016,924.53 vs ₹135,020,088.26.', 'combined': 'Overall risk level GREEN from financial, duplicate, and performance indicators.'}","{'financial': 20, 'duplicate': 0, 'performance': 0}"
461,Assam,Shri Sarbananda Sonowal (18LS),DIBRUGARH,147000000.0,15,91.5780222356091,54.95693439019565,147000000.0,1.0,0.0,False,False,0.6001105183163286,20,0,80,36.36,BLUE,"{'financial': 'Allocation is within the expected state range around the median ₹147,000,000.00.', 'duplicate': 'No duplicate risk signal detected from name/constituency/state similarity.', 'performance': 'Spending is materially higher than expected for the completion rate: ₹134,619,692.69 vs ₹80,786,693.55.', 'combined': 'Overall risk level BLUE from financial, duplicate, and performance indicators.'}","{'financial': 20, 'duplicate': 0, 'performance': 80}"
462,Uttar Pradesh,Shri Satish Kumar Gautam,ALIGARH,147000000.0,15,85.376861185766,73.63844345103169,147000000.0,1.0,0.0,False,False,0.8625105494427413,20,0,0,14.55,GREEN,"{'financial': 'Allocation is within the expected state range around the median ₹147,000,000.00.', 'duplicate': 'No duplicate risk signal detected from name/constituency/state similarity.', 'performance': 'Spending is aligned with expected completion output: ₹125,503,985.94 vs ₹108,248,511.87.', 'combined': 'Overall risk level GREEN from financial, duplicate, and performance indicators.'}","{'financial': 20, 'duplicate': 0, 'performance': 0}"
463,West Bengal,Shri Shantanu Thakur,BANGAON(SC),147000000.0,14,51.32610113181072,56.46196562472815,147000000.0,1.0,0.0,False,False,1.1000634059409269,20,0,0,14.55,GREEN,"{'financial': 'Allocation is within the expected state range around the median ₹147,000,000.00.', 'duplicate': 'No duplicate risk signal detected from name/constituency/state similarity.', 'performance': 'Spending is aligned with expected completion output: ₹75,449,368.66 vs ₹82,999,089.47.', 'combined': 'Overall risk level GREEN from financial, duplicate, and performance indicators.'}","{'financial': 20, 'duplicate': 0, 'performance': 0}"
464,Madhya Pradesh,Shri Sudheer Gupta,MANDSOUR,148988014.83,6,40.14066241759336,27.985881168367044,147000000.0,1.0,1988014.830000013,True,False,0.6971952997990645,80,0,0,30.91,BLUE,"{'financial': 'Allocation is 3x above the state median threshold: ₹148,988,014.83 > ₹147,000,003.00.', 'duplicate': 'No duplicate risk signal detected from name/constituency/state similarity.', 'performance': 'Spending is aligned with expected completion output: ₹59,804,776.08 vs ₹41,695,608.79.', 'combined': 'Overall risk level BLUE from financial, duplicate, and performance indicators.'}","{'financial': 80, 'duplicate': 0, 'performance': 0}"
465,Kerala,Shri Suresh Kodikunnil,MAVELIKKARA(SC),172429519.11,7,30.51538501276708,34.24556569346436,147000000.0,4877316.555000007,5.213834046496491,True,False,1.1222393451413657,80,0,0,30.91,BLUE,"{'financial': 'Allocation is 3x above the state median threshold: ₹172,429,519.11 > ₹161,631,949.67.', 'duplicate': 'No duplicate risk signal detected from name/constituency/state similarity.', 'performance': 'Spending is aligned with expected completion output: ₹52,617,531.63 vs ₹59,049,464.24.', 'combined': 'Overall risk level BLUE from financial, duplicate, and performance indicators.'}","{'financial': 80, 'duplicate': 0, 'performance': 0}"
466,Arunachal Pradesh,Shri Tapir Gao,ARUNACHAL EAST,147000000.0,9,64.1913570515924,37.87884107952937,147000000.0,1.0,0.0,False,False,0.5900925423509131,20,0,50,28.18,BLUE,"{'financial': 'Allocation is within the expected state range around the median ₹147,000,000.00.', 'duplicate': 'No duplicate risk signal detected from name/constituency/state similarity.', 'performance': 'Spending exceeds expected benchmarks moderately: ₹94,361,294.87 vs ₹55,681,896.39.', 'combined': 'Overall risk level BLUE from financial, duplicate, and performance indicators.'}","{'financial': 20, 'duplicate': 0, 'performance': 50}"
467,Tamil Nadu,Shri vijayakumar Vasanth,KANNIYAKUMARI,171500000.0,13,74.0345242733388,99.10061900669076,147000000.0,1.0,24500000.0,True,False,1.3385730506055091,80,0,0,30.91,BLUE,"{'financial': 'Allocation is 3x above the state median threshold: ₹171,500,000.00 > ₹147,000,003.00.', 'duplicate': 'No duplicate risk signal detected from name/constituency/state similarity.', 'performance': 'Spending is aligned with expected completion output: ₹126,969,209.13 vs ₹169,957,561.60.', 'combined': 'Overall risk level BLUE from financial, duplicate, and performance indicators.'}","{'financial': 80, 'duplicate': 0, 'performance': 0}"
468,Maharashtra,Shrikant Eknath Shinde,KALYAN,147000000.0,12,85.18371765077785,34.55211572871762,147000000.0,1.0,0.0,False,False,0.4056187811662397,20,0,80,36.36,BLUE,"{'financial': 'Allocation is within the expected state range around the median ₹147,000,000.00.', 'duplicate': 'No duplicate risk signal detected from name/constituency/state similarity.', 'performance': 'Spending is materially higher than expected for the completion rate: ₹125,220,064.95 vs ₹50,791,610.12.', 'combined': 'Overall risk level BLUE from financial, duplicate, and performance indicators.'}","{'financial': 20, 'duplicate': 0, 'performance': 80}"
469,Maharashtra,SHRIMANT CHH UDAYANRAJE PRATAPSINHAMAHARAJ BHONSLE,SATARA,147000000.0,9,50.25992522828128,38.19844068661735,147000000.0,1.0,0.0,False,False,0.7600178574305373,20,0,0,14.55,GREEN,"{'financial': 'Allocation is within the expected state range around the median ₹147,000,000.00.', 'duplicate': 'No duplicate risk signal detected from name/constituency/state similarity.', 'performance': 'Spending is aligned with expected completion output: ₹73,882,090.09 vs ₹56,151,707.81.', 'combined': 'Overall risk level GREEN from financial, duplicate, and performance indicators.'}","{'financial': 20, 'duplicate': 0, 'performance': 0}"
470,Goa,Shripad Yesso Naik,NORTH GOA,147000000.0,12,53.89681595265034,99.3106974717642,147000000.0,1.0,0.0,False,False,1.842607874257564,20,0,0,14.55,GREEN,"{'financial': 'Allocation is within the expected state range around the median ₹147,000,000.00.', 'duplicate': 'No duplicate risk signal detected from name/constituency/state similarity.', 'performance': 'Spending is aligned with expected completion output: ₹79,228,319.45 vs ₹145,986,725.28.', 'combined': 'Overall risk level GREEN from financial, duplicate, and performance indicators.'}","{'financial': 20, 'duplicate': 0, 'performance': 0}"
471,Maharashtra,Shrirang Appa Barne,MAVAL,147000000.0,12,87.00218329017338,57.32227967397812,147000000.0,1.0,0.0,False,False,0.6588602435733645,20,0,50,28.18,BLUE,"{'financial': 'Allocation is within the expected state range around the median ₹147,000,000.00.', 'duplicate': 'No duplicate risk signal detected from name/constituency/state similarity.', 'performance': 'Spending exceeds expected benchmarks moderately: ₹127,893,209.44 vs ₹84,263,751.12.', 'combined': 'Overall risk level BLUE from financial, duplicate, and performance indicators.'}","{'financial': 20, 'duplicate': 0, 'performance': 50}"
472,Maharashtra,Shyamkumar,RAMTEK(SC),147000000.0,7,93.48217215828016,56.68732966803116,147000000.0,1.0,0.0,False,False,0.6063972237620935,20,0,80,36.36,BLUE,"{'financial': 'Allocation is within the expected state range around the median ₹147,000,000.00.', 'duplicate': 'No duplicate risk signal detected from name/constituency/state similarity.', 'performance': 'Spending is materially higher than expected for the completion rate: ₹137,418,793.07 vs ₹83,330,374.61.', 'combined': 'Overall risk level BLUE from financial, duplicate, and performance indicators.'}","{'financial': 20, 'duplicate': 0, 'performance': 80}"
473,Andhra Pradesh,Sivanath Kesineni,VIJAYAWADA,147000000.0,9,55.641098415700384,48.41625953358758,156430260.11,9430260.110000014,-1.0,False,False,0.8701528350836051,20,0,0,14.55,GREEN,"{'financial': 'Allocation is within the expected state range around the median ₹156,430,260.11.', 'duplicate': 'No duplicate risk signal detected from name/constituency/state similarity.', 'performance': 'Spending is aligned with expected completion output: ₹81,792,414.67 vs ₹71,171,901.51.', 'combined': 'Overall risk level GREEN from financial, duplicate, and performance indicators.'}","{'financial': 20, 'duplicate': 0, 'performance': 0}"
474,West Bengal,SK NURUL ISLAM,BASIRHAT,49000000.0,15,88.86403329173572,67.39771678358437,147000000.0,1.0,-98000000.0,False,True,0.75843639194635,20,0,50,28.18,BLUE,"{'financial': 'Allocation is within the expected state range around the median ₹147,000,000.00.', 'duplicate': 'No duplicate risk signal detected from name/constituency/state similarity.', 'performance': 'Spending exceeds expected benchmarks moderately: ₹43,543,376.31 vs ₹33,024,881.22.', 'combined': 'Overall risk level BLUE from financial, duplicate, and performance indicators.'}","{'financial': 20, 'duplicate': 0, 'performance': 50}"
475,Maharashtra,SMITA UDAY WAGH,JALGAON,148107373.11,13,65.68326606887226,48.864163967039005,147000000.0,1.0,1107373.1100000143,True,False,0.743936270096594,80,0,50,44.55,BLUE,"{'financial': 'Allocation is 3x above the state median threshold: ₹148,107,373.11 > ₹147,000,003.00.', 'duplicate': 'No duplicate risk signal detected from name/constituency/state similarity.', 'performance': 'Spending exceeds expected benchmarks moderately: ₹97,281,759.95 vs ₹72,371,429.64.', 'combined': 'Overall risk level BLUE from financial, duplicate, and performance indicators.'}","{'financial': 80, 'duplicate': 0, 'performance': 50}"
476,Uttar Pradesh,Smt Anupriya Patel,MIRZAPUR,147000000.0,7,78.33662257430521,59.39266251823212,147000000.0,1.0,0.0,False,False,0.7581723664674969,20,0,50,28.18,BLUE,"{'financial': 'Allocation is within the expected state range around the median ₹147,000,000.00.', 'duplicate': 'No duplicate risk signal detected from name/constituency/state similarity.', 'performance': 'Spending exceeds expected benchmarks moderately: ₹115,154,835.18 vs ₹87,307,213.90.', 'combined': 'Overall risk level BLUE from financial, duplicate, and performance indicators.'}","{'financial': 20, 'duplicate': 0, 'performance': 50}"
477,Odisha,Smt Aparajita Sarangi,BHUBANESWAR,147420861.41,12,78.03469396815288,95.66755985535264,147000000.0,1.0,420861.4099999964,True,False,1.2259618765775644,80,0,0,30.91,BLUE,"{'financial': 'Allocation is 3x above the state median threshold: ₹147,420,861.41 > ₹147,000,003.00.', 'duplicate': 'No duplicate risk signal detected from name/constituency/state similarity.', 'performance': 'Spending is aligned with expected completion output: ₹115,039,418.05 vs ₹141,033,940.83.', 'combined': 'Overall risk level BLUE from financial, duplicate, and performance indicators.'}","{'financial': 80, 'duplicate': 0, 'performance': 0}"
478,Uttar Pradesh,Smt Dimple Yadav,MAINPURI,192042469.11,10,52.40413602945122,83.12619582821793,147000000.0,1.0,45042469.110000014,True,False,1.5862525771153035,80,0,0,30.91,BLUE,"{'financial': 'Allocation is 3x above the state median threshold: ₹192,042,469.11 > ₹147,000,003.00.', 'duplicate': 'No duplicate risk signal detected from name/constituency/state similarity.', 'performance': 'Spending is aligned with expected completion output: ₹100,638,196.75 vs ₹159,637,598.95.', 'combined': 'Overall risk level BLUE from financial, duplicate, and performance indicators.'}","{'financial': 80, 'duplicate': 0, 'performance': 0}"
479,Punjab,Smt Harsimrat Kaur Badal,BHATINDA,159775982.39,8,75.91033006642948,66.40848129621862,147000000.0,1.0,12775982.389999986,True,False,0.8748279876810476,80,0,0,30.91,BLUE,"{'financial': 'Allocation is 3x above the state median threshold: ₹159,775,982.39 > ₹147,000,003.00.', 'duplicate': 'No duplicate risk signal detected from name/constituency/state similarity.', 'performance': 'Spending is aligned with expected completion output: ₹121,286,475.60 vs ₹106,104,803.38.', 'combined': 'Overall risk level BLUE from financial, duplicate, and performance indicators.'}","{'financial': 80, 'duplicate': 0, 'performance': 0}"
480,Uttar Pradesh,Smt Hema Malini,MATHURA,147000000.0,9,50.70658755043012,91.42161113644433,147000000.0,1.0,0.0,False,False,1.8029533351168847,20,0,0,14.55,GREEN,"{'financial': 'Allocation is within the expected state range around the median ₹147,000,000.00.', 'duplicate': 'No duplicate risk signal detected from name/constituency/state similarity.', 'performance': 'Spending is aligned with expected completion output: ₹74,538,683.70 vs ₹134,389,768.37.', 'combined': 'Overall risk level GREEN from financial, duplicate, and performance indicators.'}","{'financial': 20, 'duplicate': 0, 'performance': 0}"
481,Madhya Pradesh,Smt Himadri Singh,SHAHDOL (ST),150724861.11,10,58.59612190143719,92.47286773451889,147000000.0,1.0,3724861.1100000143,True,False,1.5781397255276517,80,0,0,30.91,BLUE,"{'financial': 'Allocation is 3x above the state median threshold: ₹150,724,861.11 > ₹147,000,003.00.', 'duplicate': 'No duplicate risk signal detected from name/constituency/state similarity.', 'performance': 'Spending is aligned with expected completion output: ₹88,318,923.35 vs ₹139,379,601.46.', 'combined': 'Overall risk level BLUE from financial, duplicate, and performance indicators.'}","{'financial': 80, 'duplicate': 0, 'performance': 0}"
482,Gujarat,Smt Poonamben Hematbhai Maadam,JAMNAGAR,147000000.0,11,72.43318128400189,77.03873778756363,147000000.0,1.0,0.0,False,False,1.063583518242888,20,0,0,14.55,GREEN,"{'financial': 'Allocation is within the expected state range around the median ₹147,000,000.00.', 'duplicate': 'No duplicate risk signal detected from name/constituency/state similarity.', 'performance': 'Spending is aligned with expected completion output: ₹106,476,776.49 vs ₹113,246,944.55.', 'combined': 'Overall risk level GREEN from financial, duplicate, and performance indicators.'}","{'financial': 20, 'duplicate': 0, 'performance': 0}"
483,Maharashtra,Smt Raksha Nikhil Khadse,RAVER,153112586.11,6,79.16689258318995,27.682088705990616,147000000.0,1.0,6112586.110000014,True,False,0.3496674910778112,80,0,80,52.73,YELLOW,"{'financial': 'Allocation is 3x above the state median threshold: ₹153,112,586.11 > ₹147,000,003.00.', 'duplicate': 'No duplicate risk signal detected from name/constituency/state similarity.', 'performance': 'Spending is materially higher than expected for the completion rate: ₹121,214,476.58 vs ₹42,384,761.91.', 'combined': 'Overall risk level YELLOW from financial, duplicate, and performance indicators.'}","{'financial': 80, 'duplicate': 0, 'performance': 80}"
484,Tamil Nadu,Smt S Jothimani,KARUR,147000000.0,9,75.97897611296757,40.98148575577732,147000000.0,1.0,0.0,False,False,0.539379284275231,20,0,80,36.36,BLUE,"{'financial': 'Allocation is within the expected state range around the median ₹147,000,000.00.', 'duplicate': 'No duplicate risk signal detected from name/constituency/state similarity.', 'performance': 'Spending is materially higher than expected for the completion rate: ₹111,689,094.89 vs ₹60,242,784.06.', 'combined': 'Overall risk level BLUE from financial, duplicate, and performance indicators.'}","{'financial': 20, 'duplicate': 0, 'performance': 80}"
485,West Bengal,Smt Sajda Ahmed,ULUBERIA,147000000.0,9,75.27035514321686,36.47004276447846,147000000.0,1.0,0.0,False,False,0.4845206681313901,20,0,80,36.36,BLUE,"{'financial': 'Allocation is within the expected state range around the median ₹147,000,000.00.', 'duplicate': 'No duplicate risk signal detected from name/constituency/state similarity.', 'performance': 'Spending is materially higher than expected for the completion rate: ₹110,647,422.06 vs ₹53,610,962.86.', 'combined': 'Overall risk level BLUE from financial, duplicate, and performance indicators.'}","{'financial': 20, 'duplicate': 0, 'performance': 80}"
486,Madhya Pradesh,Smt Sandhya Ray,BHIND(SC),147000000.0,14,84.61449430818594,26.878787636316723,147000000.0,1.0,0.0,False,False,0.317661741715525,20,0,80,36.36,BLUE,"{'financial': 'Allocation is within the expected state range around the median ₹147,000,000.00.', 'duplicate': 'No duplicate risk signal detected from name/constituency/state similarity.', 'performance': 'Spending is materially higher than expected for the completion rate: ₹124,383,306.63 vs ₹39,511,817.83.', 'combined': 'Overall risk level BLUE from financial, duplicate, and performance indicators.'}","{'financial': 20, 'duplicate': 0, 'performance': 80}"
487,Odisha,Smt Sangeeta Kumari Singh Deo,BOLANGIR,147000000.0,13,68.36213130059413,52.75535092712011,147000000.0,1.0,0.0,False,False,0.7717043035880542,20,0,50,28.18,BLUE,"{'financial': 'Allocation is within the expected state range around the median ₹147,000,000.00.', 'duplicate': 'No duplicate risk signal detected from name/constituency/state similarity.', 'performance': 'Spending exceeds expected benchmarks moderately: ₹100,492,333.01 vs ₹77,550,365.86.', 'combined': 'Overall risk level BLUE from financial, duplicate, and performance indicators.'}","{'financial': 20, 'duplicate': 0, 'performance': 50}"
488,West Bengal,Smt Satabdi Roy (Banerjee),BIRBHUM,147000000.0,9,78.0958499886975,84.00450139749944,147000000.0,1.0,0.0,False,False,1.0756589679177202,20,0,0,14.55,GREEN,"{'financial': 'Allocation is within the expected state range around the median ₹147,000,000.00.', 'duplicate': 'No duplicate risk signal detected from name/constituency/state similarity.', 'performance': 'Spending is aligned with expected completion output: ₹114,800,899.48 vs ₹123,486,617.05.', 'combined': 'Overall risk level GREEN from financial, duplicate, and performance indicators.'}","{'financial': 20, 'duplicate': 0, 'performance': 0}"
489,Maharashtra,Smt Supriya Sadanand Sule,BARAMATI,147000000.0,6,40.10524126448127,57.134468732457776,147000000.0,1.0,0.0,False,False,1.4246135151182409,20,0,0,14.55,GREEN,"{'financial': 'Allocation is within the expected state range around the median ₹147,000,000.00.', 'duplicate': 'No duplicate risk signal detected from name/constituency/state similarity.', 'performance': 'Spending is aligned with expected completion output: ₹58,954,704.66 vs ₹83,987,669.04.', 'combined': 'Overall risk level GREEN from financial, duplicate, and performance indicators.'}","{'financial': 20, 'duplicate': 0, 'performance': 0}"
490,Bihar,Smt Veena Devi,VAISHALI,147000000.0,7,77.31215932213868,47.00864432857305,147000000.0,1.0,0.0,False,False,0.6080368824352822,20,0,80,36.36,BLUE,"{'financial': 'Allocation is within the expected state range around the median ₹147,000,000.00.', 'duplicate': 'No duplicate risk signal detected from name/constituency/state similarity.', 'performance': 'Spending is materially higher than expected for the completion rate: ₹113,648,874.20 vs ₹69,102,707.16.', 'combined': 'Overall risk level BLUE from financial, duplicate, and performance indicators.'}","{'financial': 20, 'duplicate': 0, 'performance': 80}"
491,Andhra Pradesh,Sribharat MathuKumli,VISAKHAPATNAM,164841922.0,15,85.18298704443492,93.4301532563062,156430260.11,9430260.110000014,0.8919862010041602,False,False,1.0968170581711254,20,0,0,14.55,GREEN,"{'financial': 'Allocation is within the expected state range around the median ₹156,430,260.11.', 'duplicate': 'No duplicate risk signal detected from name/constituency/state similarity.', 'performance': 'Spending is aligned with expected completion output: ₹140,417,273.06 vs ₹154,012,060.36.', 'combined': 'Overall risk level GREEN from financial, duplicate, and performance indicators.'}","{'financial': 20, 'duplicate': 0, 'performance': 0}"
492,Bihar,SUDAMA PRASAD,ARRAH,147000000.0,9,92.12164961798648,34.08839940241913,147000000.0,1.0,0.0,False,False,0.370036788787198,20,0,80,36.36,BLUE,"{'financial': 'Allocation is within the expected state range around the median ₹147,000,000.00.', 'duplicate': 'No duplicate risk signal detected from name/constituency/state similarity.', 'performance': 'Spending is materially higher than expected for the completion rate: ₹135,418,824.94 vs ₹50,109,947.12.', 'combined': 'Overall risk level BLUE from financial, duplicate, and performance indicators.'}","{'financial': 20, 'duplicate': 0, 'performance': 80}"
493,Tamil Nadu,SUDHA R,MAYILADUTHURAI,147332315.11,15,46.70611216411855,21.55327502936033,147000000.0,1.0,332315.1100000143,True,False,0.4614658345705423,80,0,50,44.55,BLUE,"{'financial': 'Allocation is 3x above the state median threshold: ₹147,332,315.11 > ₹147,000,003.00.', 'duplicate': 'No duplicate risk signal detected from name/constituency/state similarity.', 'performance': 'Spending exceeds expected benchmarks moderately: ₹68,813,196.35 vs ₹31,754,939.08.', 'combined': 'Overall risk level BLUE from financial, duplicate, and performance indicators.'}","{'financial': 80, 'duplicate': 0, 'performance': 50}"
494,Bihar,SUDHAKAR SINGH,BUXAR,185211956.54,9,72.58852975149875,59.82239219679997,147000000.0,1.0,38211956.53999999,True,False,0.8241300988130953,80,0,0,30.91,BLUE,"{'financial': 'Allocation is 3x above the state median threshold: ₹185,211,956.54 > ₹147,000,003.00.', 'duplicate': 'No duplicate risk signal detected from name/constituency/state similarity.', 'performance': 'Spending is aligned with expected completion output: ₹134,442,636.18 vs ₹110,798,223.04.', 'combined': 'Overall risk level BLUE from financial, duplicate, and performance indicators.'}","{'financial': 80, 'duplicate': 0, 'performance': 0}"
495,West Bengal,Sudip Bandyopadhyay,KOLKATA UTTAR,147000000.0,12,63.5093714375707,86.49636922899218,147000000.0,1.0,0.0,False,False,1.3619465485344562,20,0,0,14.55,GREEN,"{'financial': 'Allocation is within the expected state range around the median ₹147,000,000.00.', 'duplicate': 'No duplicate risk signal detected from name/constituency/state similarity.', 'performance': 'Spending is aligned with expected completion output: ₹93,358,776.01 vs ₹127,149,662.77.', 'combined': 'Overall risk level GREEN from financial, duplicate, and performance indicators.'}","{'financial': 20, 'duplicate': 0, 'performance': 0}"
496,Odisha,SUKANTA KUMAR PANIGRAHI,KANDHAMAL,190712424.11,14,85.8222759111091,63.55066391346821,147000000.0,1.0,43712424.110000014,True,False,0.74049147775213,80,0,50,44.55,BLUE,"{'financial': 'Allocation is 3x above the state median threshold: ₹190,712,424.11 > ₹147,000,003.00.', 'duplicate': 'No duplicate risk signal detected from name/constituency/state similarity.', 'performance': 'Spending exceeds expected benchmarks moderately: ₹163,673,742.82 vs ₹121,199,011.69.', 'combined': 'Overall risk level BLUE from financial, duplicate, and performance indicators.'}","{'financial': 80, 'duplicate': 0, 'performance': 50}"
497,Jharkhand,SUKHDEO BHAGAT,LOHARDAGA(ST),171821957.11,5,30.78596332017331,30.64896810855992,147000000.0,1.0,24821957.11000001,True,False,0.995550075526673,80,0,0,30.91,BLUE,"{'financial': 'Allocation is 3x above the state median threshold: ₹171,821,957.11 > ₹147,000,003.00.', 'duplicate': 'No duplicate risk signal detected from name/constituency/state similarity.', 'performance': 'Spending is aligned with expected completion output: ₹52,897,044.69 vs ₹52,661,656.84.', 'combined': 'Overall risk level BLUE from financial, duplicate, and performance indicators.'}","{'financial': 80, 'duplicate': 0, 'performance': 0}"
498,Punjab,SUKHJINDER SINGH RANDHAWA,GURDASPUR,147000000.0,14,40.10879306602499,33.06618246379651,147000000.0,1.0,0.0,False,False,0.8244123030419961,20,0,0,14.55,GREEN,"{'financial': 'Allocation is within the expected state range around the median ₹147,000,000.00.', 'duplicate': 'No duplicate risk signal detected from name/constituency/state similarity.', 'performance': 'Spending is aligned with expected completion output: ₹58,959,925.81 vs ₹48,607,288.22.', 'combined': 'Overall risk level GREEN from financial, duplicate, and performance indicators.'}","{'financial': 20, 'duplicate': 0, 'performance': 0}"
499,Karnataka,SUNIL BOSE,CHAMARAJANAGAR(SC),147000000.0,10,85.8658868099725,51.05357350848336,147000000.0,1.0,0.0,False,False,0.5945734144861121,20,0,80,36.36,BLUE,"{'financial': 'Allocation is within the expected state range around the median ₹147,000,000.00.', 'duplicate': 'No duplicate risk signal detected from name/constituency/state similarity.', 'performance': 'Spending is materially higher than expected for the completion rate: ₹126,222,853.61 vs ₹75,048,753.06.', 'combined': 'Overall risk level BLUE from financial, duplicate, and performance indicators.'}","{'financial': 20, 'duplicate': 0, 'performance': 80}"
500,Maharashtra,Sunil Dattatray Tatkare,RAIGAD,147000000.0,8,37.29633582137705,59.9404524619093,147000000.0,1.0,0.0,False,False,1.6071405177436595,20,0,0,14.55,GREEN,"{'financial': 'Allocation is within the expected state range around the median ₹147,000,000.00.', 'duplicate': 'No duplicate risk signal detected from name/constituency/state similarity.', 'performance': 'Spending is aligned with expected completion output: ₹54,825,613.66 vs ₹88,112,465.12.', 'combined': 'Overall risk level GREEN from financial, duplicate, and performance indicators.'}","{'financial': 20, 'duplicate': 0, 'performance': 0}"
501,Bihar,Sunil Kumar,VALMIKI NAGAR,147000000.0,5,66.80153520803647,52.08177573306568,147000000.0,1.0,0.0,False,False,0.7796493833692619,20,0,0,14.55,GREEN,"{'financial': 'Allocation is within the expected state range around the median ₹147,000,000.00.', 'duplicate': 'No duplicate risk signal detected from name/constituency/state similarity.', 'performance': 'Spending is aligned with expected completion output: ₹98,198,256.76 vs ₹76,560,210.33.', 'combined': 'Overall risk level GREEN from financial, duplicate, and performance indicators.'}","{'financial': 20, 'duplicate': 0, 'performance': 0}"
502,Bihar,SURENDRA PRASAD YADAV,JAHANABAD,155325714.0,7,38.60603258235335,68.63794763775894,147000000.0,1.0,8325714.0,True,False,1.7779073125771814,80,0,0,30.91,BLUE,"{'financial': 'Allocation is 3x above the state median threshold: ₹155,325,714.00 > ₹147,000,003.00.', 'duplicate': 'No duplicate risk signal detected from name/constituency/state similarity.', 'performance': 'Spending is aligned with expected completion output: ₹59,965,095.76 vs ₹106,612,382.24.', 'combined': 'Overall risk level BLUE from financial, duplicate, and performance indicators.'}","{'financial': 80, 'duplicate': 0, 'performance': 0}"
503,Kerala,SURESH GOPI,THRISSUR,147000000.0,15,38.890192740289095,70.81255864031047,147000000.0,4877316.555000007,0.0,False,False,1.8208333168519053,20,0,0,14.55,GREEN,"{'financial': 'Allocation is within the expected state range around the median ₹147,000,000.00.', 'duplicate': 'No duplicate risk signal detected from name/constituency/state similarity.', 'performance': 'Spending is aligned with expected completion output: ₹57,168,583.33 vs ₹104,094,461.20.', 'combined': 'Overall risk level GREEN from financial, duplicate, and performance indicators.'}","{'financial': 20, 'duplicate': 0, 'performance': 0}"
504,Himachal Pradesh,Suresh Kumar Kashyap,SHIMLA (SC),153563957.11,6,46.46276808153576,81.64890653777431,151567037.11,3281978.555000007,0.6084500451588098,False,False,1.7572975074255528,20,0,0,14.55,GREEN,"{'financial': 'Allocation is within the expected state range around the median ₹151,567,037.11.', 'duplicate': 'No duplicate risk signal detected from name/constituency/state similarity.', 'performance': 'Spending is aligned with expected completion output: ₹71,350,065.25 vs ₹125,383,291.82.', 'combined': 'Overall risk level GREEN from financial, duplicate, and performance indicators.'}","{'financial': 20, 'duplicate': 0, 'performance': 0}"
505,Telangana,SURESH KUMAR SHETKAR,ZAHIRABAD,147000000.0,14,43.46312308657859,61.20872455862859,147000000.0,1.0,0.0,False,False,1.4082909881257435,20,0,0,14.55,GREEN,"{'financial': 'Allocation is within the expected state range around the median ₹147,000,000.00.', 'duplicate': 'No duplicate risk signal detected from name/constituency/state similarity.', 'performance': 'Spending is aligned with expected completion output: ₹63,890,790.94 vs ₹89,976,825.10.', 'combined': 'Overall risk level GREEN from financial, duplicate, and performance indicators.'}","{'financial': 20, 'duplicate': 0, 'performance': 0}"
506,Uttar Pradesh,Swami Sachchidanandhari Sakshi ji Maharaj,UNNAO,147000000.0,14,47.87623113679256,70.15270567045022,147000000.0,1.0,0.0,False,False,1.465292985782633,20,0,0,14.55,GREEN,"{'financial': 'Allocation is within the expected state range around the median ₹147,000,000.00.', 'duplicate': 'No duplicate risk signal detected from name/constituency/state similarity.', 'performance': 'Spending is aligned with expected completion output: ₹70,378,059.77 vs ₹103,124,477.34.', 'combined': 'Overall risk level GREEN from financial, duplicate, and performance indicators.'}","{'financial': 20, 'duplicate': 0, 'performance': 0}"
507,Tamil Nadu,T Sumathy (A) Thamizhachi Thangapandian,CHENNAI SOUTH,147000000.0,8,71.02685613530988,53.90553746935729,147000000.0,1.0,0.0,False,False,0.7589458467183796,20,0,50,28.18,BLUE,"{'financial': 'Allocation is within the expected state range around the median ₹147,000,000.00.', 'duplicate': 'No duplicate risk signal detected from name/constituency/state similarity.', 'performance': 'Spending exceeds expected benchmarks moderately: ₹104,409,478.52 vs ₹79,241,140.08.', 'combined': 'Overall risk level BLUE from financial, duplicate, and performance indicators.'}","{'financial': 20, 'duplicate': 0, 'performance': 50}"
508,Andhra Pradesh,TANGELLA UDAY SRINIVAS,KAKINADA,199417886.76,6,50.51195595133204,63.49076144023067,156430260.11,9430260.110000014,4.558477300579985,True,False,1.2569452171165896,80,0,0,30.91,BLUE,"{'financial': 'Allocation is 3x above the state median threshold: ₹199,417,886.76 > ₹184,721,040.44.', 'duplicate': 'No duplicate risk signal detected from name/constituency/state similarity.', 'performance': 'Spending is aligned with expected completion output: ₹100,729,875.12 vs ₹126,611,934.75.', 'combined': 'Overall risk level BLUE from financial, duplicate, and performance indicators.'}","{'financial': 80, 'duplicate': 0, 'performance': 0}"
509,Uttar Pradesh,TANUJ PUNIA,BARABANKI(SC),148198170.11,11,59.6352642849353,39.59636500403396,147000000.0,1.0,1198170.1100000143,True,False,0.6639756774589586,80,0,50,44.55,BLUE,"{'financial': 'Allocation is 3x above the state median threshold: ₹148,198,170.11 > ₹147,000,003.00.', 'duplicate': 'No duplicate risk signal detected from name/constituency/state similarity.', 'performance': 'Spending exceeds expected benchmarks moderately: ₹88,378,370.41 vs ₹58,681,088.37.', 'combined': 'Overall risk level BLUE from financial, duplicate, and performance indicators.'}","{'financial': 80, 'duplicate': 0, 'performance': 50}"
510,Bihar,TARIQ ANWAR,KATIHAR,147000000.0,11,31.11278050817947,57.46128269952506,147000000.0,1.0,0.0,False,False,1.846870699467656,20,0,0,14.55,GREEN,"{'financial': 'Allocation is within the expected state range around the median ₹147,000,000.00.', 'duplicate': 'No duplicate risk signal detected from name/constituency/state similarity.', 'performance': 'Spending is aligned with expected completion output: ₹45,735,787.35 vs ₹84,468,085.57.', 'combined': 'Overall risk level GREEN from financial, duplicate, and performance indicators.'}","{'financial': 20, 'duplicate': 0, 'performance': 0}"
511,Tamil Nadu,Thalikkottai Rajuthevar Baalu,SRIPERUMBUDUR,196905535.11,14,39.44089737879988,23.28849200873938,147000000.0,1.0,49905535.110000014,True,False,0.5904655714364481,80,0,50,44.55,BLUE,"{'financial': 'Allocation is 3x above the state median threshold: ₹196,905,535.11 > ₹147,000,003.00.', 'duplicate': 'No duplicate risk signal detected from name/constituency/state similarity.', 'performance': 'Spending exceeds expected benchmarks moderately: ₹77,661,310.04 vs ₹45,856,329.81.', 'combined': 'Overall risk level BLUE from financial, duplicate, and performance indicators.'}","{'financial': 80, 'duplicate': 0, 'performance': 50}"
512,Tamil Nadu,THANGA TAMILSELVAN,THENI,147000000.0,13,71.27095976908089,89.64842407531148,147000000.0,1.0,0.0,False,False,1.2578534702742028,20,0,0,14.55,GREEN,"{'financial': 'Allocation is within the expected state range around the median ₹147,000,000.00.', 'duplicate': 'No duplicate risk signal detected from name/constituency/state similarity.', 'performance': 'Spending is aligned with expected completion output: ₹104,768,310.86 vs ₹131,783,183.39.', 'combined': 'Overall risk level GREEN from financial, duplicate, and performance indicators.'}","{'financial': 20, 'duplicate': 0, 'performance': 0}"
513,Tamil Nadu,THARANIVENTHAN M S,ARANI,168337124.35,9,34.201883709213675,67.98943871278394,147000000.0,1.0,21337124.35,True,False,1.987885792807026,80,0,0,30.91,BLUE,"{'financial': 'Allocation is 3x above the state median threshold: ₹168,337,124.35 > ₹147,000,003.00.', 'duplicate': 'No duplicate risk signal detected from name/constituency/state similarity.', 'performance': 'Spending is aligned with expected completion output: ₹57,574,467.51 vs ₹114,451,465.99.', 'combined': 'Overall risk level BLUE from financial, duplicate, and performance indicators.'}","{'financial': 80, 'duplicate': 0, 'performance': 0}"
514,Tamil Nadu,Thiru Dayanidhi Maran,CHENNAI CENTRAL,147000000.0,9,92.46630422640284,80.58417622309159,147000000.0,1.0,0.0,False,False,0.8714977515028829,20,0,0,14.55,GREEN,"{'financial': 'Allocation is within the expected state range around the median ₹147,000,000.00.', 'duplicate': 'No duplicate risk signal detected from name/constituency/state similarity.', 'performance': 'Spending is aligned with expected completion output: ₹135,925,467.21 vs ₹118,458,739.05.', 'combined': 'Overall risk level GREEN from financial, duplicate, and performance indicators.'}","{'financial': 20, 'duplicate': 0, 'performance': 0}"
515,Tamil Nadu,Thirumaa Valavan Thol,CHIDAMBARAM(SC),147000000.0,7,31.78810780806732,73.92098024286841,147000000.0,1.0,0.0,False,False,2.0,20,0,0,14.55,GREEN,"{'financial': 'Allocation is within the expected state range around the median ₹147,000,000.00.', 'duplicate': 'No duplicate risk signal detected from name/constituency/state similarity.', 'performance': 'Spending is aligned with expected completion output: ₹46,728,518.48 vs ₹108,663,840.96.', 'combined': 'Overall risk level GREEN from financial, duplicate, and performance indicators.'}","{'financial': 20, 'duplicate': 0, 'performance': 0}"
516,Chhattisgarh,TOKHAN SAHU,BILASPUR,147000000.0,5,86.24874318201273,90.47302691025628,150384382.11,3384382.1100000143,-1.0,False,False,1.048977916342838,20,0,0,14.55,GREEN,"{'financial': 'Allocation is within the expected state range around the median ₹150,384,382.11.', 'duplicate': 'No duplicate risk signal detected from name/constituency/state similarity.', 'performance': 'Spending is aligned with expected completion output: ₹126,785,652.48 vs ₹132,995,349.56.', 'combined': 'Overall risk level GREEN from financial, duplicate, and performance indicators.'}","{'financial': 20, 'duplicate': 0, 'performance': 0}"
517,Uttarakhand,TRIVENDRA SINGH RAWAT,HARDWAR,147000000.0,7,94.90864576736516,95.7356119779769,147000000.0,1.0,0.0,False,False,1.0087132863810822,20,0,0,14.55,GREEN,"{'financial': 'Allocation is within the expected state range around the median ₹147,000,000.00.', 'duplicate': 'No duplicate risk signal detected from name/constituency/state similarity.', 'performance': 'Spending is aligned with expected completion output: ₹139,515,709.28 vs ₹140,731,349.61.', 'combined': 'Overall risk level GREEN from financial, duplicate, and performance indicators.'}","{'financial': 20, 'duplicate': 0, 'performance': 0}"
518,Uttar Pradesh,UJJWAL RAMAN SINGH,ALLAHABAD,147000000.0,15,47.78460393347807,46.10272900138764,147000000.0,1.0,0.0,False,False,0.9648029952402284,20,0,0,14.55,GREEN,"{'financial': 'Allocation is within the expected state range around the median ₹147,000,000.00.', 'duplicate': 'No duplicate risk signal detected from name/constituency/state similarity.', 'performance': 'Spending is aligned with expected completion output: ₹70,243,367.78 vs ₹67,771,011.63.', 'combined': 'Overall risk level GREEN from financial, duplicate, and performance indicators.'}","{'financial': 20, 'duplicate': 0, 'performance': 0}"
519,Rajasthan,UMMEDA RAM BENIWAL,BARMER,147000000.0,11,68.13482716869113,93.4533272930957,147000000.0,1.0,0.0,False,False,1.3715941050488016,20,0,0,14.55,GREEN,"{'financial': 'Allocation is within the expected state range around the median ₹147,000,000.00.', 'duplicate': 'No duplicate risk signal detected from name/constituency/state similarity.', 'performance': 'Spending is aligned with expected completion output: ₹100,158,195.94 vs ₹137,376,391.12.', 'combined': 'Overall risk level GREEN from financial, duplicate, and performance indicators.'}","{'financial': 20, 'duplicate': 0, 'performance': 0}"
520,Uttar Pradesh,UTKARSH VERMA MADHUR,KHERI,147000000.0,12,81.25756644180437,36.54227055797,147000000.0,1.0,0.0,False,False,0.4497091428912174,20,0,80,36.36,BLUE,"{'financial': 'Allocation is within the expected state range around the median ₹147,000,000.00.', 'duplicate': 'No duplicate risk signal detected from name/constituency/state similarity.', 'performance': 'Spending is materially higher than expected for the completion rate: ₹119,448,622.67 vs ₹53,717,137.72.', 'combined': 'Overall risk level BLUE from financial, duplicate, and performance indicators.'}","{'financial': 20, 'duplicate': 0, 'performance': 80}"
521,Tamil Nadu,V S Matheswaran,NAMAKKAL,162539930.11,13,79.0980852941262,81.34649087359463,147000000.0,1.0,15539930.110000014,True,False,1.0284255373705664,80,0,0,30.91,BLUE,"{'financial': 'Allocation is 3x above the state median threshold: ₹162,539,930.11 > ₹147,000,003.00.', 'duplicate': 'No duplicate risk signal detected from name/constituency/state similarity.', 'performance': 'Spending is aligned with expected completion output: ₹128,565,972.56 vs ₹132,220,529.41.', 'combined': 'Overall risk level BLUE from financial, duplicate, and performance indicators.'}","{'financial': 80, 'duplicate': 0, 'performance': 0}"
522,Karnataka,V. SOMANNA,TUMKUR,147000000.0,7,60.03583457087468,57.07386286155412,147000000.0,1.0,0.0,False,False,0.9506632708532796,20,0,0,14.55,GREEN,"{'financial': 'Allocation is within the expected state range around the median ₹147,000,000.00.', 'duplicate': 'No duplicate risk signal detected from name/constituency/state similarity.', 'performance': 'Spending is aligned with expected completion output: ₹88,252,676.82 vs ₹83,898,578.41.', 'combined': 'Overall risk level GREEN from financial, duplicate, and performance indicators.'}","{'financial': 20, 'duplicate': 0, 'performance': 0}"
523,Puducherry,Vaithilingam Ve,Puducherry,209368972.11,9,75.63866461043716,86.5984655490463,209368972.11,1.0,0.0,False,False,1.1448968063497096,20,0,0,14.55,GREEN,"{'financial': 'Allocation is within the expected state range around the median ₹209,368,972.11.', 'duplicate': 'No duplicate risk signal detected from name/constituency/state similarity.', 'performance': 'Spending is aligned with expected completion output: ₹158,363,894.61 vs ₹181,310,317.18.', 'combined': 'Overall risk level GREEN from financial, duplicate, and performance indicators.'}","{'financial': 20, 'duplicate': 0, 'performance': 0}"
524,Telangana,VAMSI KRISHNA GADDAM,PEDDAPALLE,148451721.11,12,69.93137281562372,41.54568821766358,147000000.0,1.0,1451721.1100000143,True,False,0.594092272822959,80,0,50,44.55,BLUE,"{'financial': 'Allocation is 3x above the state median threshold: ₹148,451,721.11 > ₹147,000,003.00.', 'duplicate': 'No duplicate risk signal detected from name/constituency/state similarity.', 'performance': 'Spending exceeds expected benchmarks moderately: ₹103,814,326.54 vs ₹61,675,289.21.', 'combined': 'Overall risk level BLUE from financial, duplicate, and performance indicators.'}","{'financial': 80, 'duplicate': 0, 'performance': 50}"
525,Haryana,VARUN CHAUDHRY,AMBALA (SC),255454264.0,9,63.73685686693917,96.3515341288506,147000000.0,1.0,108454264.0,True,False,1.511708277833652,80,0,0,30.91,BLUE,"{'financial': 'Allocation is 3x above the state median threshold: ₹255,454,264.00 > ₹147,000,003.00.', 'duplicate': 'No duplicate risk signal detected from name/constituency/state similarity.', 'performance': 'Spending is aligned with expected completion output: ₹162,818,518.61 vs ₹246,134,102.36.', 'combined': 'Overall risk level BLUE from financial, duplicate, and performance indicators.'}","{'financial': 80, 'duplicate': 0, 'performance': 0}"
526,Kerala,Vellalath Kochukrishnan Nair Sreekandan,PALAKKAD,167807990.11,13,84.87523241932203,71.23900561532443,147000000.0,4877316.555000007,4.26627836749054,True,False,0.8393379739259096,80,0,0,30.91,BLUE,"{'financial': 'Allocation is 3x above the state median threshold: ₹167,807,990.11 > ₹161,631,949.67.', 'duplicate': 'No duplicate risk signal detected from name/constituency/state similarity.', 'performance': 'Spending is aligned with expected completion output: ₹142,427,421.62 vs ₹119,544,743.50.', 'combined': 'Overall risk level BLUE from financial, duplicate, and performance indicators.'}","{'financial': 80, 'duplicate': 0, 'performance': 0}"
527,Chhattisgarh,Vijay Baghel,DURG,147000000.0,7,63.2734188297945,66.0715466970875,150384382.11,3384382.1100000143,-1.0,False,False,1.0442228019133906,20,0,0,14.55,GREEN,"{'financial': 'Allocation is within the expected state range around the median ₹150,384,382.11.', 'duplicate': 'No duplicate risk signal detected from name/constituency/state similarity.', 'performance': 'Spending is aligned with expected completion output: ₹93,011,925.68 vs ₹97,125,173.64.', 'combined': 'Overall risk level GREEN from financial, duplicate, and performance indicators.'}","{'financial': 20, 'duplicate': 0, 'performance': 0}"
528,Uttar Pradesh,Vijay Kumar Dubey,KUSHI NAGAR,148900000.0,8,59.287733490218685,42.93368901628249,147000000.0,1.0,1900000.0,True,False,0.72415804229328,80,0,50,44.55,BLUE,"{'financial': 'Allocation is 3x above the state median threshold: ₹148,900,000.00 > ₹147,000,003.00.', 'duplicate': 'No duplicate risk signal detected from name/constituency/state similarity.', 'performance': 'Spending exceeds expected benchmarks moderately: ₹88,279,435.17 vs ₹63,928,262.95.', 'combined': 'Overall risk level BLUE from financial, duplicate, and performance indicators.'}","{'financial': 80, 'duplicate': 0, 'performance': 50}"
529,Jharkhand,Vijay Kumar Hansdak,RAJMAHAL(ST),147223957.11,15,34.17129822075941,57.914582544863045,147000000.0,1.0,223957.1100000143,True,False,1.6948312051451224,80,0,0,30.91,BLUE,"{'financial': 'Allocation is 3x above the state median threshold: ₹147,223,957.11 > ₹147,000,003.00.', 'duplicate': 'No duplicate risk signal detected from name/constituency/state similarity.', 'performance': 'Spending is aligned with expected completion output: ₹50,308,337.44 vs ₹85,264,140.17.', 'combined': 'Overall risk level BLUE from financial, duplicate, and performance indicators.'}","{'financial': 80, 'duplicate': 0, 'performance': 0}"
530,Bihar,VIJAYLAKSHMI DEVI,SIWAN,147000000.0,9,50.62778382622611,54.74509138619929,147000000.0,1.0,0.0,False,False,1.0813250600521125,20,0,0,14.55,GREEN,"{'financial': 'Allocation is within the expected state range around the median ₹147,000,000.00.', 'duplicate': 'No duplicate risk signal detected from name/constituency/state similarity.', 'performance': 'Spending is aligned with expected completion output: ₹74,422,842.22 vs ₹80,475,284.34.', 'combined': 'Overall risk level GREEN from financial, duplicate, and performance indicators.'}","{'financial': 20, 'duplicate': 0, 'performance': 0}"
531,Gujarat,Vinod Chavda,KACHCHH(SC),147000000.0,12,92.06615958396416,58.48506611271485,147000000.0,1.0,0.0,False,False,0.6352504153209148,20,0,80,36.36,BLUE,"{'financial': 'Allocation is within the expected state range around the median ₹147,000,000.00.', 'duplicate': 'No duplicate risk signal detected from name/constituency/state similarity.', 'performance': 'Spending is materially higher than expected for the completion rate: ₹135,337,254.59 vs ₹85,973,047.19.', 'combined': 'Overall risk level BLUE from financial, duplicate, and performance indicators.'}","{'financial': 20, 'duplicate': 0, 'performance': 80}"
532,Uttar Pradesh,VINOD KUMAR BIND,BHADOHI,147000000.0,8,68.73850630465301,52.81670984325647,147000000.0,1.0,0.0,False,False,0.7683715094007102,20,0,50,28.18,BLUE,"{'financial': 'Allocation is within the expected state range around the median ₹147,000,000.00.', 'duplicate': 'No duplicate risk signal detected from name/constituency/state similarity.', 'performance': 'Spending exceeds expected benchmarks moderately: ₹101,045,604.27 vs ₹77,640,563.47.', 'combined': 'Overall risk level BLUE from financial, duplicate, and performance indicators.'}","{'financial': 20, 'duplicate': 0, 'performance': 50}"
533,Madhya Pradesh,Virendra Kumar,TIKAMGARH(SC),147000000.0,6,94.46514614382752,23.8096037624362,147000000.0,1.0,0.0,False,False,0.2520464397121132,20,0,80,36.36,BLUE,"{'financial': 'Allocation is within the expected state range around the median ₹147,000,000.00.', 'duplicate': 'No duplicate risk signal detected from name/constituency/state similarity.', 'performance': 'Spending is materially higher than expected for the completion rate: ₹138,863,764.83 vs ₹35,000,117.53.', 'combined': 'Overall risk level BLUE from financial, duplicate, and performance indicators.'}","{'financial': 20, 'duplicate': 0, 'performance': 80}"
534,Uttar Pradesh,VIRENDRA SINGH,CHANDAULI,147000000.0,14,48.93254662894897,49.857212307327046,147000000.0,1.0,0.0,False,False,1.018896741373175,20,0,0,14.55,GREEN,"{'financial': 'Allocation is within the expected state range around the median ₹147,000,000.00.', 'duplicate': 'No duplicate risk signal detected from name/constituency/state similarity.', 'performance': 'Spending is aligned with expected completion output: ₹71,930,843.54 vs ₹73,290,102.09.', 'combined': 'Overall risk level GREEN from financial, duplicate, and performance indicators.'}","{'financial': 20, 'duplicate': 0, 'performance': 0}"
535,Maharashtra,VISHAL,SANGLI,147000000.0,15,53.12753359196928,35.9028099336626,147000000.0,1.0,0.0,False,False,0.6757853697746217,20,0,50,28.18,BLUE,"{'financial': 'Allocation is within the expected state range around the median ₹147,000,000.00.', 'duplicate': 'No duplicate risk signal detected from name/constituency/state similarity.', 'performance': 'Spending exceeds expected benchmarks moderately: ₹78,097,474.38 vs ₹52,777,130.60.', 'combined': 'Overall risk level BLUE from financial, duplicate, and performance indicators.'}","{'financial': 20, 'duplicate': 0, 'performance': 50}"
536,Jharkhand,Vishnu Dayal Ram,PALAMU(SC),158176083.11,11,94.24444471014658,71.41796715272729,147000000.0,1.0,11176083.110000014,True,False,0.7577949806206271,80,0,50,44.55,BLUE,"{'financial': 'Allocation is 3x above the state median threshold: ₹158,176,083.11 > ₹147,000,003.00.', 'duplicate': 'No duplicate risk signal detected from name/constituency/state similarity.', 'performance': 'Spending exceeds expected benchmarks moderately: ₹149,072,171.19 vs ₹112,966,143.08.', 'combined': 'Overall risk level BLUE from financial, duplicate, and performance indicators.'}","{'financial': 80, 'duplicate': 0, 'performance': 50}"
537,Madhya Pradesh,Vishnu Dutt Sharma,KHAJURAHO,147000000.0,13,34.62985773795252,94.43469730341268,147000000.0,1.0,0.0,False,False,2.0,20,0,0,14.55,GREEN,"{'financial': 'Allocation is within the expected state range around the median ₹147,000,000.00.', 'duplicate': 'No duplicate risk signal detected from name/constituency/state similarity.', 'performance': 'Spending is aligned with expected completion output: ₹50,905,890.87 vs ₹138,819,005.04.', 'combined': 'Overall risk level GREEN from financial, duplicate, and performance indicators.'}","{'financial': 20, 'duplicate': 0, 'performance': 0}"
538,Karnataka,VISHWESHWAR HEGDE KAGERI,UTTARA KANNADA,147000000.0,11,40.50293444616089,93.08102434948916,147000000.0,1.0,0.0,False,False,2.0,20,0,0,14.55,GREEN,"{'financial': 'Allocation is within the expected state range around the median ₹147,000,000.00.', 'duplicate': 'No duplicate risk signal detected from name/constituency/state similarity.', 'performance': 'Spending is aligned with expected completion output: ₹59,539,313.64 vs ₹136,829,105.79.', 'combined': 'Overall risk level GREEN from financial, duplicate, and performance indicators.'}","{'financial': 20, 'duplicate': 0, 'performance': 0}"
539,Bihar,VIVEK THAKUR,NAWADA,147000000.0,15,75.6639474298806,64.96683568772306,147000000.0,1.0,0.0,False,False,0.8586233985205334,20,0,0,14.55,GREEN,"{'financial': 'Allocation is within the expected state range around the median ₹147,000,000.00.', 'duplicate': 'No duplicate risk signal detected from name/constituency/state similarity.', 'performance': 'Spending is aligned with expected completion output: ₹111,226,002.72 vs ₹95,501,248.46.', 'combined': 'Overall risk level GREEN from financial, duplicate, and performance indicators.'}","{'financial': 20, 'duplicate': 0, 'performance': 0}"
540,Andhra Pradesh,Y S Avinash Reddy,KADAPA,156430260.11,7,91.54773570806896,50.0722724466367,156430260.11,9430260.110000014,0.0,False,False,0.5469526041180215,20,0,80,36.36,BLUE,"{'financial': 'Allocation is within the expected state range around the median ₹156,430,260.11.', 'duplicate': 'No duplicate risk signal detected from name/constituency/state similarity.', 'performance': 'Spending is materially higher than expected for the completion rate: ₹143,208,361.09 vs ₹78,328,186.03.', 'combined': 'Overall risk level BLUE from financial, duplicate, and performance indicators.'}","{'financial': 20, 'duplicate': 0, 'performance': 80}"
541,Karnataka,YADUVEER KRISHNADATTA CHAMARAJA WADIYAR,MYSORE,147000000.0,5,38.62242160193903,82.66002902110779,147000000.0,1.0,0.0,False,False,2.0,20,0,0,14.55,GREEN,"{'financial': 'Allocation is within the expected state range around the median ₹147,000,000.00.', 'duplicate': 'No duplicate risk signal detected from name/constituency/state similarity.', 'performance': 'Spending is aligned with expected completion output: ₹56,774,959.75 vs ₹121,510,242.66.', 'combined': 'Overall risk level GREEN from financial, duplicate, and performance indicators.'}","{'financial': 20, 'duplicate': 0, 'performance': 0}"
542,Delhi,Yogendra Chandoliya,NORTH WEST DELHI(SC),147876307.0,14,71.88592203847355,57.36151530297754,147559100.0,424969.0,0.7464238567989665,False,False,0.7979520005638586,20,0,0,14.55,GREEN,"{'financial': 'Allocation is within the expected state range around the median ₹147,559,100.00.', 'duplicate': 'No duplicate risk signal detected from name/constituency/state similarity.', 'performance': 'Spending is aligned with expected completion output: ₹106,302,246.76 vs ₹84,824,090.47.', 'combined': 'Overall risk level GREEN from financial, duplicate, and performance indicators.'}","{'financial': 20, 'duplicate': 0, 'performance': 0}"
543,Uttar Pradesh,ZIA UR REHMAN,SAMBHAL,147000000.0,15,37.444966087964026,55.55389306281234,147000000.0,1.0,0.0,False,False,1.483614457876865,20,0,0,14.55,GREEN,"{'financial': 'Allocation is within the expected state range around the median ₹147,000,000.00.', 'duplicate': 'No duplicate risk signal detected from name/constituency/state similarity.', 'performance': 'Spending is aligned with expected completion output: ₹55,044,100.15 vs ₹81,664,222.80.', 'combined': 'Overall risk level GREEN from financial, duplicate, and performance indicators.'}","{'financial': 20, 'duplicate': 0, 'performance': 0}"
